table_name,table_type,table_comment,column_name,ordinal_position,data_type,is_nullable,column_default,column_comment,constraint_type,constraint_name,column_tags,table_tags
qx_ppmtx_ac_pn_transaction_history,STREAMING_TABLE,Silver aircraft part transactions - validated component removal/installation history,transaction,0,STRING,YES,,,,,,
qx_ppmtx_ac_pn_transaction_history,STREAMING_TABLE,Silver aircraft part transactions - validated component removal/installation history,transaction_item,1,DECIMAL,YES,,,,,,
qx_ppmtx_ac_pn_transaction_history,STREAMING_TABLE,Silver aircraft part transactions - validated component removal/installation history,transaction_type,2,STRING,YES,,,,,,
qx_ppmtx_ac_pn_transaction_history,STREAMING_TABLE,Silver aircraft part transactions - validated component removal/installation history,ac,3,STRING,YES,,,,,,
qx_ppmtx_ac_pn_transaction_history,STREAMING_TABLE,Silver aircraft part transactions - validated component removal/installation history,transaction_date,4,TIMESTAMP,YES,,,,,,
qx_ppmtx_ac_pn_transaction_history,STREAMING_TABLE,Silver aircraft part transactions - validated component removal/installation history,transaction_hour,5,DECIMAL,YES,,,,,,
qx_ppmtx_ac_pn_transaction_history,STREAMING_TABLE,Silver aircraft part transactions - validated component removal/installation history,transaction_minute,6,DECIMAL,YES,,,,,,
qx_ppmtx_ac_pn_transaction_history,STREAMING_TABLE,Silver aircraft part transactions - validated component removal/installation history,defect_type,7,STRING,YES,,,,,,
qx_ppmtx_ac_pn_transaction_history,STREAMING_TABLE,Silver aircraft part transactions - validated component removal/installation history,defect,8,STRING,YES,,,,,,
qx_ppmtx_ac_pn_transaction_history,STREAMING_TABLE,Silver aircraft part transactions - validated component removal/installation history,defect_item,9,DECIMAL,YES,,,,,,
qx_ppmtx_ac_pn_transaction_history,STREAMING_TABLE,Silver aircraft part transactions - validated component removal/installation history,wo,10,DECIMAL,YES,,,,,,
qx_ppmtx_ac_pn_transaction_history,STREAMING_TABLE,Silver aircraft part transactions - validated component removal/installation history,task_card,11,STRING,YES,,,,,,
qx_ppmtx_ac_pn_transaction_history,STREAMING_TABLE,Silver aircraft part transactions - validated component removal/installation history,goods_rcvd_batch,12,DECIMAL,YES,,,,,,
qx_ppmtx_ac_pn_transaction_history,STREAMING_TABLE,Silver aircraft part transactions - validated component removal/installation history,pn,13,STRING,YES,,,,,,
qx_ppmtx_ac_pn_transaction_history,STREAMING_TABLE,Silver aircraft part transactions - validated component removal/installation history,sn,14,STRING,YES,,,,,,
qx_ppmtx_ac_pn_transaction_history,STREAMING_TABLE,Silver aircraft part transactions - validated component removal/installation history,position,15,STRING,YES,,,,,,
qx_ppmtx_ac_pn_transaction_history,STREAMING_TABLE,Silver aircraft part transactions - validated component removal/installation history,reason_category,16,STRING,YES,,,,,,
qx_ppmtx_ac_pn_transaction_history,STREAMING_TABLE,Silver aircraft part transactions - validated component removal/installation history,schedule_category,17,STRING,YES,,,,,,
qx_ppmtx_ac_pn_transaction_history,STREAMING_TABLE,Silver aircraft part transactions - validated component removal/installation history,hours_installed,18,DECIMAL,YES,,,,,,
qx_ppmtx_ac_pn_transaction_history,STREAMING_TABLE,Silver aircraft part transactions - validated component removal/installation history,minutes_installed,19,DECIMAL,YES,,,,,,
qx_ppmtx_ac_pn_transaction_history,STREAMING_TABLE,Silver aircraft part transactions - validated component removal/installation history,cycles_installed,20,DECIMAL,YES,,,,,,
qx_ppmtx_ac_pn_transaction_history,STREAMING_TABLE,Silver aircraft part transactions - validated component removal/installation history,days_installed,21,DECIMAL,YES,,,,,,
qx_ppmtx_ac_pn_transaction_history,STREAMING_TABLE,Silver aircraft part transactions - validated component removal/installation history,nha_pn,22,STRING,YES,,,,,,
qx_ppmtx_ac_pn_transaction_history,STREAMING_TABLE,Silver aircraft part transactions - validated component removal/installation history,nha_sn,23,STRING,YES,,,,,,
qx_ppmtx_ac_pn_transaction_history,STREAMING_TABLE,Silver aircraft part transactions - validated component removal/installation history,nla,24,STRING,YES,,,,,,
qx_ppmtx_ac_pn_transaction_history,STREAMING_TABLE,Silver aircraft part transactions - validated component removal/installation history,notes,25,DECIMAL,YES,,,,,,
qx_ppmtx_ac_pn_transaction_history,STREAMING_TABLE,Silver aircraft part transactions - validated component removal/installation history,created_by,26,STRING,YES,,,,,,
qx_ppmtx_ac_pn_transaction_history,STREAMING_TABLE,Silver aircraft part transactions - validated component removal/installation history,created_date,27,TIMESTAMP,YES,,,,,,
qx_ppmtx_ac_pn_transaction_history,STREAMING_TABLE,Silver aircraft part transactions - validated component removal/installation history,modified_by,28,STRING,YES,,,,,,
qx_ppmtx_ac_pn_transaction_history,STREAMING_TABLE,Silver aircraft part transactions - validated component removal/installation history,modified_date,29,TIMESTAMP,YES,,,,,,
qx_ppmtx_ac_pn_transaction_history,STREAMING_TABLE,Silver aircraft part transactions - validated component removal/installation history,batch,30,DECIMAL,YES,,,,,,
qx_ppmtx_ac_pn_transaction_history,STREAMING_TABLE,Silver aircraft part transactions - validated component removal/installation history,non_sn,31,STRING,YES,,,,,,
qx_ppmtx_ac_pn_transaction_history,STREAMING_TABLE,Silver aircraft part transactions - validated component removal/installation history,station,32,STRING,YES,,,,,,
qx_ppmtx_ac_pn_transaction_history,STREAMING_TABLE,Silver aircraft part transactions - validated component removal/installation history,recurrent,33,DECIMAL,YES,,,,,,
qx_ppmtx_ac_pn_transaction_history,STREAMING_TABLE,Silver aircraft part transactions - validated component removal/installation history,status,34,STRING,YES,,,,,,
qx_ppmtx_ac_pn_transaction_history,STREAMING_TABLE,Silver aircraft part transactions - validated component removal/installation history,transaction_type_control,35,STRING,YES,,,,,,
qx_ppmtx_ac_pn_transaction_history,STREAMING_TABLE,Silver aircraft part transactions - validated component removal/installation history,chapter,36,DECIMAL,YES,,,,,,
qx_ppmtx_ac_pn_transaction_history,STREAMING_TABLE,Silver aircraft part transactions - validated component removal/installation history,section,37,DECIMAL,YES,,,,,,
qx_ppmtx_ac_pn_transaction_history,STREAMING_TABLE,Silver aircraft part transactions - validated component removal/installation history,paragraph,38,DECIMAL,YES,,,,,,
qx_ppmtx_ac_pn_transaction_history,STREAMING_TABLE,Silver aircraft part transactions - validated component removal/installation history,tag_no,39,STRING,YES,,,,,,
qx_ppmtx_ac_pn_transaction_history,STREAMING_TABLE,Silver aircraft part transactions - validated component removal/installation history,interface_ectm_transfer_by,40,STRING,YES,,,,,,
qx_ppmtx_ac_pn_transaction_history,STREAMING_TABLE,Silver aircraft part transactions - validated component removal/installation history,interface_ectm_transfer_date,41,TIMESTAMP,YES,,,,,,
qx_ppmtx_ac_pn_transaction_history,STREAMING_TABLE,Silver aircraft part transactions - validated component removal/installation history,removal_reason,42,STRING,YES,,,,,,
qx_ppmtx_ac_pn_transaction_history,STREAMING_TABLE,Silver aircraft part transactions - validated component removal/installation history,nla_position,43,STRING,YES,,,,,,
qx_ppmtx_ac_pn_transaction_history,STREAMING_TABLE,Silver aircraft part transactions - validated component removal/installation history,remove_as_serviceable,44,STRING,YES,,,,,,
qx_ppmtx_ac_pn_transaction_history,STREAMING_TABLE,Silver aircraft part transactions - validated component removal/installation history,nha_pn_prorated,45,STRING,YES,,,,,,
qx_ppmtx_ac_pn_transaction_history,STREAMING_TABLE,Silver aircraft part transactions - validated component removal/installation history,blob_no,46,DECIMAL,YES,,,,,,
qx_ppmtx_ac_pn_transaction_history,STREAMING_TABLE,Silver aircraft part transactions - validated component removal/installation history,document_no,47,DECIMAL,YES,,,,,,
qx_ppmtx_ac_pn_transaction_history,STREAMING_TABLE,Silver aircraft part transactions - validated component removal/installation history,cci_number,48,DECIMAL,YES,,,,,,
qx_ppmtx_ac_pn_transaction_history,STREAMING_TABLE,Silver aircraft part transactions - validated component removal/installation history,task_card_pn,49,STRING,YES,,,,,,
qx_ppmtx_ac_pn_transaction_history,STREAMING_TABLE,Silver aircraft part transactions - validated component removal/installation history,task_card_sn,50,STRING,YES,,,,,,
qx_ppmtx_ac_pn_transaction_history,STREAMING_TABLE,Silver aircraft part transactions - validated component removal/installation history,order_type,51,STRING,YES,,,,,,
qx_ppmtx_ac_pn_transaction_history,STREAMING_TABLE,Silver aircraft part transactions - validated component removal/installation history,order_no,52,DECIMAL,YES,,,,,,
qx_ppmtx_ac_pn_transaction_history,STREAMING_TABLE,Silver aircraft part transactions - validated component removal/installation history,form_one,53,STRING,YES,,,,,,
qx_ppmtx_ac_pn_transaction_history,STREAMING_TABLE,Silver aircraft part transactions - validated component removal/installation history,followup_remarks,54,STRING,YES,,,,,,
qx_ppmtx_ac_pn_transaction_history,STREAMING_TABLE,Silver aircraft part transactions - validated component removal/installation history,lead_time,55,DECIMAL,YES,,,,,,
qx_ppmtx_ac_pn_transaction_history,STREAMING_TABLE,Silver aircraft part transactions - validated component removal/installation history,delivery_date,56,TIMESTAMP,YES,,,,,,
qx_ppmtx_ac_pn_transaction_history,STREAMING_TABLE,Silver aircraft part transactions - validated component removal/installation history,cust_req_date,57,TIMESTAMP,YES,,,,,,
qx_ppmtx_ac_pn_transaction_history,STREAMING_TABLE,Silver aircraft part transactions - validated component removal/installation history,cust_req_act_date,58,TIMESTAMP,YES,,,,,,
qx_ppmtx_ac_pn_transaction_history,STREAMING_TABLE,Silver aircraft part transactions - validated component removal/installation history,shipping_date,59,TIMESTAMP,YES,,,,,,
qx_ppmtx_ac_pn_transaction_history,STREAMING_TABLE,Silver aircraft part transactions - validated component removal/installation history,shipping_remarks,60,STRING,YES,,,,,,
qx_ppmtx_ac_pn_transaction_history,STREAMING_TABLE,Silver aircraft part transactions - validated component removal/installation history,rob_from_ac,61,STRING,YES,,,,,,
qx_ppmtx_ac_pn_transaction_history,STREAMING_TABLE,Silver aircraft part transactions - validated component removal/installation history,qty,62,DECIMAL,YES,,,,,,
qx_ppmtx_ac_pn_transaction_history,STREAMING_TABLE,Silver aircraft part transactions - validated component removal/installation history,interface_transfer_date,63,TIMESTAMP,YES,,,,,,
qx_ppmtx_ac_pn_transaction_history,STREAMING_TABLE,Silver aircraft part transactions - validated component removal/installation history,internal_external,64,STRING,YES,,,,,,
qx_ppmtx_ac_pn_transaction_history,STREAMING_TABLE,Silver aircraft part transactions - validated component removal/installation history,processed_timestamp,65,TIMESTAMP,YES,,,,,,
qx_ppmtx_defect_report,STREAMING_TABLE,Silver defect reports - validated aircraft defect and maintenance action records,defect_type,0,STRING,YES,,,,,,
qx_ppmtx_defect_report,STREAMING_TABLE,Silver defect reports - validated aircraft defect and maintenance action records,defect,1,STRING,YES,,,,,,
qx_ppmtx_defect_report,STREAMING_TABLE,Silver defect reports - validated aircraft defect and maintenance action records,defect_item,2,DECIMAL,YES,,,,,,
qx_ppmtx_defect_report,STREAMING_TABLE,Silver defect reports - validated aircraft defect and maintenance action records,status,3,STRING,YES,,,,,,
qx_ppmtx_defect_report,STREAMING_TABLE,Silver defect reports - validated aircraft defect and maintenance action records,ac,4,STRING,YES,,,,,,
qx_ppmtx_defect_report,STREAMING_TABLE,Silver defect reports - validated aircraft defect and maintenance action records,chapter,5,DECIMAL,YES,,,,,,
qx_ppmtx_defect_report,STREAMING_TABLE,Silver defect reports - validated aircraft defect and maintenance action records,section,6,DECIMAL,YES,,,,,,
qx_ppmtx_defect_report,STREAMING_TABLE,Silver defect reports - validated aircraft defect and maintenance action records,paragraph,7,DECIMAL,YES,,,,,,
qx_ppmtx_defect_report,STREAMING_TABLE,Silver defect reports - validated aircraft defect and maintenance action records,flight,8,STRING,YES,,,,,,
qx_ppmtx_defect_report,STREAMING_TABLE,Silver defect reports - validated aircraft defect and maintenance action records,fuel,9,DECIMAL,YES,,,,,,
qx_ppmtx_defect_report,STREAMING_TABLE,Silver defect reports - validated aircraft defect and maintenance action records,delay,10,STRING,YES,,,,,,
qx_ppmtx_defect_report,STREAMING_TABLE,Silver defect reports - validated aircraft defect and maintenance action records,delays_hours,11,DECIMAL,YES,,,,,,
qx_ppmtx_defect_report,STREAMING_TABLE,Silver defect reports - validated aircraft defect and maintenance action records,delay_minutes,12,DECIMAL,YES,,,,,,
qx_ppmtx_defect_report,STREAMING_TABLE,Silver defect reports - validated aircraft defect and maintenance action records,i_f_s_d,13,STRING,YES,,,,,,
qx_ppmtx_defect_report,STREAMING_TABLE,Silver defect reports - validated aircraft defect and maintenance action records,cancellation,14,STRING,YES,,,,,,
qx_ppmtx_defect_report,STREAMING_TABLE,Silver defect reports - validated aircraft defect and maintenance action records,defect_description,15,STRING,YES,,,,,,
qx_ppmtx_defect_report,STREAMING_TABLE,Silver defect reports - validated aircraft defect and maintenance action records,defect_category,16,STRING,YES,,,,,,
qx_ppmtx_defect_report,STREAMING_TABLE,Silver defect reports - validated aircraft defect and maintenance action records,mddr,17,STRING,YES,,,,,,
qx_ppmtx_defect_report,STREAMING_TABLE,Silver defect reports - validated aircraft defect and maintenance action records,defer,18,STRING,YES,,,,,,
qx_ppmtx_defect_report,STREAMING_TABLE,Silver defect reports - validated aircraft defect and maintenance action records,defer_by,19,STRING,YES,,,,,,
qx_ppmtx_defect_report,STREAMING_TABLE,Silver defect reports - validated aircraft defect and maintenance action records,defer_date,20,TIMESTAMP,YES,,,,,,
qx_ppmtx_defect_report,STREAMING_TABLE,Silver defect reports - validated aircraft defect and maintenance action records,defer_to_date,21,TIMESTAMP,YES,,,,,,
qx_ppmtx_defect_report,STREAMING_TABLE,Silver defect reports - validated aircraft defect and maintenance action records,mel,22,STRING,YES,,,,,,
qx_ppmtx_defect_report,STREAMING_TABLE,Silver defect reports - validated aircraft defect and maintenance action records,mel_number,23,STRING,YES,,,,,,
qx_ppmtx_defect_report,STREAMING_TABLE,Silver defect reports - validated aircraft defect and maintenance action records,reported_by,24,STRING,YES,,,,,,
qx_ppmtx_defect_report,STREAMING_TABLE,Silver defect reports - validated aircraft defect and maintenance action records,reported_date,25,TIMESTAMP,YES,,,,,,
qx_ppmtx_defect_report,STREAMING_TABLE,Silver defect reports - validated aircraft defect and maintenance action records,resolution_description,26,STRING,YES,,,,,,
qx_ppmtx_defect_report,STREAMING_TABLE,Silver defect reports - validated aircraft defect and maintenance action records,resolution_category,27,STRING,YES,,,,,,
qx_ppmtx_defect_report,STREAMING_TABLE,Silver defect reports - validated aircraft defect and maintenance action records,resolved_by,28,STRING,YES,,,,,,
qx_ppmtx_defect_report,STREAMING_TABLE,Silver defect reports - validated aircraft defect and maintenance action records,resolved_date,29,TIMESTAMP,YES,,,,,,
qx_ppmtx_defect_report,STREAMING_TABLE,Silver defect reports - validated aircraft defect and maintenance action records,wo,30,DECIMAL,YES,,,,,,
qx_ppmtx_defect_report,STREAMING_TABLE,Silver defect reports - validated aircraft defect and maintenance action records,task_card,31,STRING,YES,,,,,,
qx_ppmtx_defect_report,STREAMING_TABLE,Silver defect reports - validated aircraft defect and maintenance action records,fault_confirm,32,STRING,YES,,,,,,
qx_ppmtx_defect_report,STREAMING_TABLE,Silver defect reports - validated aircraft defect and maintenance action records,notes,33,DECIMAL,YES,,,,,,
qx_ppmtx_defect_report,STREAMING_TABLE,Silver defect reports - validated aircraft defect and maintenance action records,created_by,34,STRING,YES,,,,,,
qx_ppmtx_defect_report,STREAMING_TABLE,Silver defect reports - validated aircraft defect and maintenance action records,created_date,35,TIMESTAMP,YES,,,,,,
qx_ppmtx_defect_report,STREAMING_TABLE,Silver defect reports - validated aircraft defect and maintenance action records,modified_by,36,STRING,YES,,,,,,
qx_ppmtx_defect_report,STREAMING_TABLE,Silver defect reports - validated aircraft defect and maintenance action records,modified_date,37,TIMESTAMP,YES,,,,,,
qx_ppmtx_defect_report,STREAMING_TABLE,Silver defect reports - validated aircraft defect and maintenance action records,defer_category,38,STRING,YES,,,,,,
qx_ppmtx_defect_report,STREAMING_TABLE,Silver defect reports - validated aircraft defect and maintenance action records,station,39,STRING,YES,,,,,,
qx_ppmtx_defect_report,STREAMING_TABLE,Silver defect reports - validated aircraft defect and maintenance action records,blob_no,40,DECIMAL,YES,,,,,,
qx_ppmtx_defect_report,STREAMING_TABLE,Silver defect reports - validated aircraft defect and maintenance action records,recurrent,41,DECIMAL,YES,,,,,,
qx_ppmtx_defect_report,STREAMING_TABLE,Silver defect reports - validated aircraft defect and maintenance action records,flight_phase,42,STRING,YES,,,,,,
qx_ppmtx_defect_report,STREAMING_TABLE,Silver defect reports - validated aircraft defect and maintenance action records,authorization,43,STRING,YES,,,,,,
qx_ppmtx_defect_report,STREAMING_TABLE,Silver defect reports - validated aircraft defect and maintenance action records,reliability_control,44,STRING,YES,,,,,,
qx_ppmtx_defect_report,STREAMING_TABLE,Silver defect reports - validated aircraft defect and maintenance action records,schedule_hours,45,DECIMAL,YES,,,,,,
qx_ppmtx_defect_report,STREAMING_TABLE,Silver defect reports - validated aircraft defect and maintenance action records,schedule_cycles,46,DECIMAL,YES,,,,,,
qx_ppmtx_defect_report,STREAMING_TABLE,Silver defect reports - validated aircraft defect and maintenance action records,schedule_days,47,DECIMAL,YES,,,,,,
qx_ppmtx_defect_report,STREAMING_TABLE,Silver defect reports - validated aircraft defect and maintenance action records,defer_to_hour,48,DECIMAL,YES,,,,,,
qx_ppmtx_defect_report,STREAMING_TABLE,Silver defect reports - validated aircraft defect and maintenance action records,defer_to_minute,49,DECIMAL,YES,,,,,,
qx_ppmtx_defect_report,STREAMING_TABLE,Silver defect reports - validated aircraft defect and maintenance action records,resolved_location,50,STRING,YES,,,,,,
qx_ppmtx_defect_report,STREAMING_TABLE,Silver defect reports - validated aircraft defect and maintenance action records,mel_title,51,STRING,YES,,,,,,
qx_ppmtx_defect_report,STREAMING_TABLE,Silver defect reports - validated aircraft defect and maintenance action records,ddpg,52,STRING,YES,,,,,,
qx_ppmtx_defect_report,STREAMING_TABLE,Silver defect reports - validated aircraft defect and maintenance action records,reported_hour,53,DECIMAL,YES,,,,,,
qx_ppmtx_defect_report,STREAMING_TABLE,Silver defect reports - validated aircraft defect and maintenance action records,repoted_minute,54,DECIMAL,YES,,,,,,
qx_ppmtx_defect_report,STREAMING_TABLE,Silver defect reports - validated aircraft defect and maintenance action records,defer_from_wo,55,DECIMAL,YES,,,,,,
qx_ppmtx_defect_report,STREAMING_TABLE,Silver defect reports - validated aircraft defect and maintenance action records,defer_from_task_card,56,STRING,YES,,,,,,
qx_ppmtx_defect_report,STREAMING_TABLE,Silver defect reports - validated aircraft defect and maintenance action records,internal_capability,57,STRING,YES,,,,,,
qx_ppmtx_defect_report,STREAMING_TABLE,Silver defect reports - validated aircraft defect and maintenance action records,defer_to_next_ec,58,STRING,YES,,,,,,
qx_ppmtx_defect_report,STREAMING_TABLE,Silver defect reports - validated aircraft defect and maintenance action records,skill,59,STRING,YES,,,,,,
qx_ppmtx_defect_report,STREAMING_TABLE,Silver defect reports - validated aircraft defect and maintenance action records,man_hours,60,DECIMAL,YES,,,,,,
qx_ppmtx_defect_report,STREAMING_TABLE,Silver defect reports - validated aircraft defect and maintenance action records,man_required,61,DECIMAL,YES,,,,,,
qx_ppmtx_defect_report,STREAMING_TABLE,Silver defect reports - validated aircraft defect and maintenance action records,authorization_status,62,STRING,YES,,,,,,
qx_ppmtx_defect_report,STREAMING_TABLE,Silver defect reports - validated aircraft defect and maintenance action records,authorization_by,63,STRING,YES,,,,,,
qx_ppmtx_defect_report,STREAMING_TABLE,Silver defect reports - validated aircraft defect and maintenance action records,authorization_date,64,TIMESTAMP,YES,,,,,,
qx_ppmtx_defect_report,STREAMING_TABLE,Silver defect reports - validated aircraft defect and maintenance action records,capability_area,65,STRING,YES,,,,,,
qx_ppmtx_defect_report,STREAMING_TABLE,Silver defect reports - validated aircraft defect and maintenance action records,plan_defect,66,STRING,YES,,,,,,
qx_ppmtx_defect_report,STREAMING_TABLE,Silver defect reports - validated aircraft defect and maintenance action records,sdr,67,STRING,YES,,,,,,
qx_ppmtx_defect_report,STREAMING_TABLE,Silver defect reports - validated aircraft defect and maintenance action records,inspected_by,68,STRING,YES,,,,,,
qx_ppmtx_defect_report,STREAMING_TABLE,Silver defect reports - validated aircraft defect and maintenance action records,dispatcher_notified,69,STRING,YES,,,,,,
qx_ppmtx_defect_report,STREAMING_TABLE,Silver defect reports - validated aircraft defect and maintenance action records,authorization_status_sencond,70,STRING,YES,,,,,,
qx_ppmtx_defect_report,STREAMING_TABLE,Silver defect reports - validated aircraft defect and maintenance action records,authorization_by_second,71,STRING,YES,,,,,,
qx_ppmtx_defect_report,STREAMING_TABLE,Silver defect reports - validated aircraft defect and maintenance action records,authorization_date_second,72,TIMESTAMP,YES,,,,,,
qx_ppmtx_defect_report,STREAMING_TABLE,Silver defect reports - validated aircraft defect and maintenance action records,authorization_require_second,73,STRING,YES,,,,,,
qx_ppmtx_defect_report,STREAMING_TABLE,Silver defect reports - validated aircraft defect and maintenance action records,authorization_control,74,STRING,YES,,,,,,
qx_ppmtx_defect_report,STREAMING_TABLE,Silver defect reports - validated aircraft defect and maintenance action records,resolution_defect_type,75,STRING,YES,,,,,,
qx_ppmtx_defect_report,STREAMING_TABLE,Silver defect reports - validated aircraft defect and maintenance action records,resolution_defect,76,STRING,YES,,,,,,
qx_ppmtx_defect_report,STREAMING_TABLE,Silver defect reports - validated aircraft defect and maintenance action records,resolution_defect_item,77,DECIMAL,YES,,,,,,
qx_ppmtx_defect_report,STREAMING_TABLE,Silver defect reports - validated aircraft defect and maintenance action records,repeat_number,78,DECIMAL,YES,,,,,,
qx_ppmtx_defect_report,STREAMING_TABLE,Silver defect reports - validated aircraft defect and maintenance action records,completed_number,79,DECIMAL,YES,,,,,,
qx_ppmtx_defect_report,STREAMING_TABLE,Silver defect reports - validated aircraft defect and maintenance action records,ac_position,80,STRING,YES,,,,,,
qx_ppmtx_defect_report,STREAMING_TABLE,Silver defect reports - validated aircraft defect and maintenance action records,root_cause,81,STRING,YES,,,,,,
qx_ppmtx_defect_report,STREAMING_TABLE,Silver defect reports - validated aircraft defect and maintenance action records,required_inspection_item,82,STRING,YES,,,,,,
qx_ppmtx_defect_report,STREAMING_TABLE,Silver defect reports - validated aircraft defect and maintenance action records,est_turn_around_ground_hrs,83,DECIMAL,YES,,,,,,
qx_ppmtx_defect_report,STREAMING_TABLE,Silver defect reports - validated aircraft defect and maintenance action records,est_turn_around_ground_mns,84,DECIMAL,YES,,,,,,
qx_ppmtx_defect_report,STREAMING_TABLE,Silver defect reports - validated aircraft defect and maintenance action records,override_mddr_auto,85,STRING,YES,,,,,,
qx_ppmtx_defect_report,STREAMING_TABLE,Silver defect reports - validated aircraft defect and maintenance action records,defer_hour,86,DECIMAL,YES,,,,,,
qx_ppmtx_defect_report,STREAMING_TABLE,Silver defect reports - validated aircraft defect and maintenance action records,defer_minute,87,DECIMAL,YES,,,,,,
qx_ppmtx_defect_report,STREAMING_TABLE,Silver defect reports - validated aircraft defect and maintenance action records,cross_reference_type,88,STRING,YES,,,,,,
qx_ppmtx_defect_report,STREAMING_TABLE,Silver defect reports - validated aircraft defect and maintenance action records,cross_reference_number,89,DECIMAL,YES,,,,,,
qx_ppmtx_defect_report,STREAMING_TABLE,Silver defect reports - validated aircraft defect and maintenance action records,required_inspection_by,90,STRING,YES,,,,,,
qx_ppmtx_defect_report,STREAMING_TABLE,Silver defect reports - validated aircraft defect and maintenance action records,defer_notes,91,STRING,YES,,,,,,
qx_ppmtx_defect_report,STREAMING_TABLE,Silver defect reports - validated aircraft defect and maintenance action records,release_to_service_by,92,STRING,YES,,,,,,
qx_ppmtx_defect_report,STREAMING_TABLE,Silver defect reports - validated aircraft defect and maintenance action records,release_to_service_date,93,TIMESTAMP,YES,,,,,,
qx_ppmtx_defect_report,STREAMING_TABLE,Silver defect reports - validated aircraft defect and maintenance action records,resolved_hour,94,DECIMAL,YES,,,,,,
qx_ppmtx_defect_report,STREAMING_TABLE,Silver defect reports - validated aircraft defect and maintenance action records,resolved_minute,95,DECIMAL,YES,,,,,,
qx_ppmtx_defect_report,STREAMING_TABLE,Silver defect reports - validated aircraft defect and maintenance action records,mis,96,STRING,YES,,,,,,
qx_ppmtx_defect_report,STREAMING_TABLE,Silver defect reports - validated aircraft defect and maintenance action records,linking_seq,97,STRING,YES,,,,,,
qx_ppmtx_defect_report,STREAMING_TABLE,Silver defect reports - validated aircraft defect and maintenance action records,linking_seq_previous,98,STRING,YES,,,,,,
qx_ppmtx_defect_report,STREAMING_TABLE,Silver defect reports - validated aircraft defect and maintenance action records,linking_defect,99,STRING,YES,,,,,,
qx_ppmtx_defect_report,STREAMING_TABLE,Silver defect reports - validated aircraft defect and maintenance action records,linking_defect_item,100,DECIMAL,YES,,,,,,
qx_ppmtx_defect_report,STREAMING_TABLE,Silver defect reports - validated aircraft defect and maintenance action records,linking_defect_type,101,STRING,YES,,,,,,
qx_ppmtx_defect_report,STREAMING_TABLE,Silver defect reports - validated aircraft defect and maintenance action records,dispatcher_notified_resolution,102,STRING,YES,,,,,,
qx_ppmtx_defect_report,STREAMING_TABLE,Silver defect reports - validated aircraft defect and maintenance action records,generated_from_ec,103,STRING,YES,,,,,,
qx_ppmtx_defect_report,STREAMING_TABLE,Silver defect reports - validated aircraft defect and maintenance action records,authorization_notes,104,DECIMAL,YES,,,,,,
qx_ppmtx_defect_report,STREAMING_TABLE,Silver defect reports - validated aircraft defect and maintenance action records,asc,105,STRING,YES,,,,,,
qx_ppmtx_defect_report,STREAMING_TABLE,Silver defect reports - validated aircraft defect and maintenance action records,initial_due_date,106,TIMESTAMP,YES,,,,,,
qx_ppmtx_defect_report,STREAMING_TABLE,Silver defect reports - validated aircraft defect and maintenance action records,defect_gate,107,STRING,YES,,,,,,
qx_ppmtx_defect_report,STREAMING_TABLE,Silver defect reports - validated aircraft defect and maintenance action records,canceled_flight,108,STRING,YES,,,,,,
qx_ppmtx_defect_report,STREAMING_TABLE,Silver defect reports - validated aircraft defect and maintenance action records,delayed_flight,109,STRING,YES,,,,,,
qx_ppmtx_defect_report,STREAMING_TABLE,Silver defect reports - validated aircraft defect and maintenance action records,document_no,110,DECIMAL,YES,,,,,,
qx_ppmtx_defect_report,STREAMING_TABLE,Silver defect reports - validated aircraft defect and maintenance action records,not_do_allow_concession,111,STRING,YES,,,,,,
qx_ppmtx_defect_report,STREAMING_TABLE,Silver defect reports - validated aircraft defect and maintenance action records,mel_calendar_days_flag,112,STRING,YES,,,,,,
qx_ppmtx_defect_report,STREAMING_TABLE,Silver defect reports - validated aircraft defect and maintenance action records,created_from,113,STRING,YES,,,,,,
qx_ppmtx_defect_report,STREAMING_TABLE,Silver defect reports - validated aircraft defect and maintenance action records,interface_external_reference,114,STRING,YES,,,,,,
qx_ppmtx_defect_report,STREAMING_TABLE,Silver defect reports - validated aircraft defect and maintenance action records,defect_for_pn,115,STRING,YES,,,,,,
qx_ppmtx_defect_report,STREAMING_TABLE,Silver defect reports - validated aircraft defect and maintenance action records,defect_for_pn_sn,116,STRING,YES,,,,,,
qx_ppmtx_defect_report,STREAMING_TABLE,Silver defect reports - validated aircraft defect and maintenance action records,pn_incident,117,STRING,YES,,,,,,
qx_ppmtx_defect_report,STREAMING_TABLE,Silver defect reports - validated aircraft defect and maintenance action records,engine_full_load_takeoff,118,STRING,YES,,,,,,
qx_ppmtx_defect_report,STREAMING_TABLE,Silver defect reports - validated aircraft defect and maintenance action records,defer_date_orig,119,TIMESTAMP,YES,,,,,,
qx_ppmtx_defect_report,STREAMING_TABLE,Silver defect reports - validated aircraft defect and maintenance action records,plan_date,120,TIMESTAMP,YES,,,,,,
qx_ppmtx_defect_report,STREAMING_TABLE,Silver defect reports - validated aircraft defect and maintenance action records,plan_hour,121,DECIMAL,YES,,,,,,
qx_ppmtx_defect_report,STREAMING_TABLE,Silver defect reports - validated aircraft defect and maintenance action records,plan_minute,122,DECIMAL,YES,,,,,,
qx_ppmtx_defect_report,STREAMING_TABLE,Silver defect reports - validated aircraft defect and maintenance action records,plan_ac_hours,123,DECIMAL,YES,,,,,,
qx_ppmtx_defect_report,STREAMING_TABLE,Silver defect reports - validated aircraft defect and maintenance action records,plan_ac_minutes,124,DECIMAL,YES,,,,,,
qx_ppmtx_defect_report,STREAMING_TABLE,Silver defect reports - validated aircraft defect and maintenance action records,plan_ac_cycles,125,DECIMAL,YES,,,,,,
qx_ppmtx_defect_report,STREAMING_TABLE,Silver defect reports - validated aircraft defect and maintenance action records,plan_ac_brake_cycles,126,DECIMAL,YES,,,,,,
qx_ppmtx_defect_report,STREAMING_TABLE,Silver defect reports - validated aircraft defect and maintenance action records,defer_from_tc_ac,127,STRING,YES,,,,,,
qx_ppmtx_defect_report,STREAMING_TABLE,Silver defect reports - validated aircraft defect and maintenance action records,defer_from_tc_pn,128,STRING,YES,,,,,,
qx_ppmtx_defect_report,STREAMING_TABLE,Silver defect reports - validated aircraft defect and maintenance action records,defer_from_tc_sn,129,STRING,YES,,,,,,
qx_ppmtx_defect_report,STREAMING_TABLE,Silver defect reports - validated aircraft defect and maintenance action records,ongoing_trouble_shooting,130,STRING,YES,,,,,,
qx_ppmtx_defect_report,STREAMING_TABLE,Silver defect reports - validated aircraft defect and maintenance action records,interface_created_date,131,TIMESTAMP,YES,,,,,,
qx_ppmtx_defect_report,STREAMING_TABLE,Silver defect reports - validated aircraft defect and maintenance action records,interface_modified_date,132,TIMESTAMP,YES,,,,,,
qx_ppmtx_defect_report,STREAMING_TABLE,Silver defect reports - validated aircraft defect and maintenance action records,previous_interface_transaction,133,DECIMAL,YES,,,,,,
qx_ppmtx_defect_report,STREAMING_TABLE,Silver defect reports - validated aircraft defect and maintenance action records,sabre_message_number,134,DECIMAL,YES,,,,,,
qx_ppmtx_defect_report,STREAMING_TABLE,Silver defect reports - validated aircraft defect and maintenance action records,coo_remarks,135,STRING,YES,,,,,,
qx_ppmtx_defect_report,STREAMING_TABLE,Silver defect reports - validated aircraft defect and maintenance action records,defect_for_pn_status,136,STRING,YES,,,,,,
qx_ppmtx_defect_report,STREAMING_TABLE,Silver defect reports - validated aircraft defect and maintenance action records,planning_dept,137,STRING,YES,,,,,,
qx_ppmtx_defect_report,STREAMING_TABLE,Silver defect reports - validated aircraft defect and maintenance action records,planning_sub_dept,138,STRING,YES,,,,,,
qx_ppmtx_defect_report,STREAMING_TABLE,Silver defect reports - validated aircraft defect and maintenance action records,schedule_hours_repeat,139,DECIMAL,YES,,,,,,
qx_ppmtx_defect_report,STREAMING_TABLE,Silver defect reports - validated aircraft defect and maintenance action records,schedule_cycles_repeat,140,DECIMAL,YES,,,,,,
qx_ppmtx_defect_report,STREAMING_TABLE,Silver defect reports - validated aircraft defect and maintenance action records,schedule_days_repeat,141,DECIMAL,YES,,,,,,
qx_ppmtx_defect_report,STREAMING_TABLE,Silver defect reports - validated aircraft defect and maintenance action records,defer_to_date_repeat,142,TIMESTAMP,YES,,,,,,
qx_ppmtx_defect_report,STREAMING_TABLE,Silver defect reports - validated aircraft defect and maintenance action records,defer_to_hour_repeat,143,DECIMAL,YES,,,,,,
qx_ppmtx_defect_report,STREAMING_TABLE,Silver defect reports - validated aircraft defect and maintenance action records,defer_to_minute_repeat,144,DECIMAL,YES,,,,,,
qx_ppmtx_defect_report,STREAMING_TABLE,Silver defect reports - validated aircraft defect and maintenance action records,interface_ectm_transfer_by,145,STRING,YES,,,,,,
qx_ppmtx_defect_report,STREAMING_TABLE,Silver defect reports - validated aircraft defect and maintenance action records,interface_ectm_transfer_date,146,TIMESTAMP,YES,,,,,,
qx_ppmtx_defect_report,STREAMING_TABLE,Silver defect reports - validated aircraft defect and maintenance action records,hour_calendar_control,147,STRING,YES,,,,,,
qx_ppmtx_defect_report,STREAMING_TABLE,Silver defect reports - validated aircraft defect and maintenance action records,cador,148,STRING,YES,,,,,,
qx_ppmtx_defect_report,STREAMING_TABLE,Silver defect reports - validated aircraft defect and maintenance action records,cador_warranty,149,STRING,YES,,,,,,
qx_ppmtx_defect_report,STREAMING_TABLE,Silver defect reports - validated aircraft defect and maintenance action records,cador_damage,150,STRING,YES,,,,,,
qx_ppmtx_defect_report,STREAMING_TABLE,Silver defect reports - validated aircraft defect and maintenance action records,day_of_discovery,151,STRING,YES,,,,,,
qx_ppmtx_defect_report,STREAMING_TABLE,Silver defect reports - validated aircraft defect and maintenance action records,drts_system_source_id,152,STRING,YES,,,,,,
qx_ppmtx_defect_report,STREAMING_TABLE,Silver defect reports - validated aircraft defect and maintenance action records,drts_system_kb_string,153,STRING,YES,,,,,,
qx_ppmtx_defect_report,STREAMING_TABLE,Silver defect reports - validated aircraft defect and maintenance action records,unique_id,154,DECIMAL,YES,,,,,,
qx_ppmtx_defect_report,STREAMING_TABLE,Silver defect reports - validated aircraft defect and maintenance action records,reference,155,STRING,YES,,,,,,
qx_ppmtx_defect_report,STREAMING_TABLE,Silver defect reports - validated aircraft defect and maintenance action records,cpcp_id,156,DECIMAL,YES,,,,,,
qx_ppmtx_defect_report,STREAMING_TABLE,Silver defect reports - validated aircraft defect and maintenance action records,mel_sub,157,STRING,YES,,,,,,
qx_ppmtx_defect_report,STREAMING_TABLE,Silver defect reports - validated aircraft defect and maintenance action records,inspector_skill,158,STRING,YES,,,,,,
qx_ppmtx_defect_report,STREAMING_TABLE,Silver defect reports - validated aircraft defect and maintenance action records,inspector_man_hours,159,DECIMAL,YES,,,,,,
qx_ppmtx_defect_report,STREAMING_TABLE,Silver defect reports - validated aircraft defect and maintenance action records,inspector_man_require,160,DECIMAL,YES,,,,,,
qx_ppmtx_defect_report,STREAMING_TABLE,Silver defect reports - validated aircraft defect and maintenance action records,interface_deferral_reference,161,STRING,YES,,,,,,
qx_ppmtx_defect_report,STREAMING_TABLE,Silver defect reports - validated aircraft defect and maintenance action records,drts_system_url,162,STRING,YES,,,,,,
qx_ppmtx_defect_report,STREAMING_TABLE,Silver defect reports - validated aircraft defect and maintenance action records,major_repair,163,STRING,YES,,,,,,
qx_ppmtx_defect_report,STREAMING_TABLE,Silver defect reports - validated aircraft defect and maintenance action records,template_task_card,164,STRING,YES,,,,,,
qx_ppmtx_defect_report,STREAMING_TABLE,Silver defect reports - validated aircraft defect and maintenance action records,ground_time_require,165,DECIMAL,YES,,,,,,
qx_ppmtx_defect_report,STREAMING_TABLE,Silver defect reports - validated aircraft defect and maintenance action records,in_use,166,STRING,YES,,,,,,
qx_ppmtx_defect_report,STREAMING_TABLE,Silver defect reports - validated aircraft defect and maintenance action records,current_user,167,STRING,YES,,,,,,
qx_ppmtx_defect_report,STREAMING_TABLE,Silver defect reports - validated aircraft defect and maintenance action records,defect_position,168,STRING,YES,,,,,,
qx_ppmtx_defect_report,STREAMING_TABLE,Silver defect reports - validated aircraft defect and maintenance action records,mtc_contacted,169,STRING,YES,,,,,,
qx_ppmtx_defect_report,STREAMING_TABLE,Silver defect reports - validated aircraft defect and maintenance action records,mtc_alert,170,STRING,YES,,,,,,
qx_ppmtx_defect_report,STREAMING_TABLE,Silver defect reports - validated aircraft defect and maintenance action records,moc_item_description,171,STRING,YES,,,,,,
qx_ppmtx_defect_report,STREAMING_TABLE,Silver defect reports - validated aircraft defect and maintenance action records,eom,172,STRING,YES,,,,,,
qx_ppmtx_defect_report,STREAMING_TABLE,Silver defect reports - validated aircraft defect and maintenance action records,eom_repeat,173,STRING,YES,,,,,,
qx_ppmtx_defect_report,STREAMING_TABLE,Silver defect reports - validated aircraft defect and maintenance action records,paper_required,174,STRING,YES,,,,,,
qx_ppmtx_defect_report,STREAMING_TABLE,Silver defect reports - validated aircraft defect and maintenance action records,constraint_code_1,175,STRING,YES,,,,,,
qx_ppmtx_defect_report,STREAMING_TABLE,Silver defect reports - validated aircraft defect and maintenance action records,constraint_code_2,176,STRING,YES,,,,,,
qx_ppmtx_defect_report,STREAMING_TABLE,Silver defect reports - validated aircraft defect and maintenance action records,no_of_print,177,DECIMAL,YES,,,,,,
qx_ppmtx_defect_report,STREAMING_TABLE,Silver defect reports - validated aircraft defect and maintenance action records,procedure,178,STRING,YES,,,,,,
qx_ppmtx_defect_report,STREAMING_TABLE,Silver defect reports - validated aircraft defect and maintenance action records,mel_operational_restrictions,179,STRING,YES,,,,,,
qx_ppmtx_defect_report,STREAMING_TABLE,Silver defect reports - validated aircraft defect and maintenance action records,operations_note,180,STRING,YES,,,,,,
qx_ppmtx_defect_report,STREAMING_TABLE,Silver defect reports - validated aircraft defect and maintenance action records,reliability_check,181,STRING,YES,,,,,,
qx_ppmtx_defect_report,STREAMING_TABLE,Silver defect reports - validated aircraft defect and maintenance action records,restrictions_user,182,STRING,YES,,,,,,
qx_ppmtx_defect_report,STREAMING_TABLE,Silver defect reports - validated aircraft defect and maintenance action records,restrictions_date,183,TIMESTAMP,YES,,,,,,
qx_ppmtx_defect_report,STREAMING_TABLE,Silver defect reports - validated aircraft defect and maintenance action records,note_user,184,STRING,YES,,,,,,
qx_ppmtx_defect_report,STREAMING_TABLE,Silver defect reports - validated aircraft defect and maintenance action records,note_date,185,TIMESTAMP,YES,,,,,,
qx_ppmtx_defect_report,STREAMING_TABLE,Silver defect reports - validated aircraft defect and maintenance action records,defer_to_next_ec_repeat,186,STRING,YES,,,,,,
qx_ppmtx_defect_report,STREAMING_TABLE,Silver defect reports - validated aircraft defect and maintenance action records,temp_sabre,187,STRING,YES,,,,,,
qx_ppmtx_defect_report,STREAMING_TABLE,Silver defect reports - validated aircraft defect and maintenance action records,moc_item_description_link_mel,188,STRING,YES,,,,,,
qx_ppmtx_defect_report,STREAMING_TABLE,Silver defect reports - validated aircraft defect and maintenance action records,flight_log,189,STRING,YES,,,,,,
qx_ppmtx_defect_report,STREAMING_TABLE,Silver defect reports - validated aircraft defect and maintenance action records,flight_leg,190,DECIMAL,YES,,,,,,
qx_ppmtx_defect_report,STREAMING_TABLE,Silver defect reports - validated aircraft defect and maintenance action records,flight_date,191,TIMESTAMP,YES,,,,,,
qx_ppmtx_defect_report,STREAMING_TABLE,Silver defect reports - validated aircraft defect and maintenance action records,buy_back_rii,192,STRING,YES,,,,,,
qx_ppmtx_defect_report,STREAMING_TABLE,Silver defect reports - validated aircraft defect and maintenance action records,etops,193,STRING,YES,,,,,,
qx_ppmtx_defect_report,STREAMING_TABLE,Silver defect reports - validated aircraft defect and maintenance action records,seat_number,194,DECIMAL,YES,,,,,,
qx_ppmtx_defect_report,STREAMING_TABLE,Silver defect reports - validated aircraft defect and maintenance action records,seat_letter,195,STRING,YES,,,,,,
qx_ppmtx_defect_report,STREAMING_TABLE,Silver defect reports - validated aircraft defect and maintenance action records,seat_severity,196,STRING,YES,,,,,,
qx_ppmtx_defect_report,STREAMING_TABLE,Silver defect reports - validated aircraft defect and maintenance action records,due_date,197,TIMESTAMP,YES,,,,,,
qx_ppmtx_defect_report,STREAMING_TABLE,Silver defect reports - validated aircraft defect and maintenance action records,flight_resolved,198,STRING,YES,,,,,,
qx_ppmtx_defect_report,STREAMING_TABLE,Silver defect reports - validated aircraft defect and maintenance action records,asr,199,STRING,YES,,,,,,
qx_ppmtx_defect_report,STREAMING_TABLE,Silver defect reports - validated aircraft defect and maintenance action records,mel_alert,200,STRING,YES,,,,,,
qx_ppmtx_defect_report,STREAMING_TABLE,Silver defect reports - validated aircraft defect and maintenance action records,cdccl,201,STRING,YES,,,,,,
qx_ppmtx_defect_report,STREAMING_TABLE,Silver defect reports - validated aircraft defect and maintenance action records,critical_task,202,STRING,YES,,,,,,
qx_ppmtx_defect_report,STREAMING_TABLE,Silver defect reports - validated aircraft defect and maintenance action records,cdrm_location_code,203,STRING,YES,,,,,,
qx_ppmtx_defect_report,STREAMING_TABLE,Silver defect reports - validated aircraft defect and maintenance action records,cdrm_part_code,204,STRING,YES,,,,,,
qx_ppmtx_defect_report,STREAMING_TABLE,Silver defect reports - validated aircraft defect and maintenance action records,cdrm_description_code,205,STRING,YES,,,,,,
qx_ppmtx_defect_report,STREAMING_TABLE,Silver defect reports - validated aircraft defect and maintenance action records,cabin_part_id,206,DECIMAL,YES,,,,,,
qx_ppmtx_defect_report,STREAMING_TABLE,Silver defect reports - validated aircraft defect and maintenance action records,ios_sync,207,TIMESTAMP,YES,,,,,,
qx_ppmtx_defect_report,STREAMING_TABLE,Silver defect reports - validated aircraft defect and maintenance action records,cabin_position,208,STRING,YES,,,,,,
qx_ppmtx_defect_report,STREAMING_TABLE,Silver defect reports - validated aircraft defect and maintenance action records,form_no,209,DECIMAL,YES,,,,,,
qx_ppmtx_defect_report,STREAMING_TABLE,Silver defect reports - validated aircraft defect and maintenance action records,not_required,210,STRING,YES,,,,,,
qx_ppmtx_defect_report,STREAMING_TABLE,Silver defect reports - validated aircraft defect and maintenance action records,auto_schedule,211,STRING,YES,,,,,,
qx_ppmtx_defect_report,STREAMING_TABLE,Silver defect reports - validated aircraft defect and maintenance action records,actual_hours,212,DECIMAL,YES,,,,,,
qx_ppmtx_defect_report,STREAMING_TABLE,Silver defect reports - validated aircraft defect and maintenance action records,actual_minutes,213,DECIMAL,YES,,,,,,
qx_ppmtx_defect_report,STREAMING_TABLE,Silver defect reports - validated aircraft defect and maintenance action records,actual_cycles,214,DECIMAL,YES,,,,,,
qx_ppmtx_defect_report,STREAMING_TABLE,Silver defect reports - validated aircraft defect and maintenance action records,actual_days,215,DECIMAL,YES,,,,,,
qx_ppmtx_defect_report,STREAMING_TABLE,Silver defect reports - validated aircraft defect and maintenance action records,number_installed,216,DECIMAL,YES,,,,,,
qx_ppmtx_defect_report,STREAMING_TABLE,Silver defect reports - validated aircraft defect and maintenance action records,fault_code_tran,217,DECIMAL,YES,,,,,,
qx_ppmtx_defect_report,STREAMING_TABLE,Silver defect reports - validated aircraft defect and maintenance action records,crs_captain_checkbox,218,STRING,YES,,,,,,
qx_ppmtx_defect_report,STREAMING_TABLE,Silver defect reports - validated aircraft defect and maintenance action records,inop,219,STRING,YES,,,,,,
qx_ppmtx_defect_report,STREAMING_TABLE,Silver defect reports - validated aircraft defect and maintenance action records,processed_timestamp,220,TIMESTAMP,YES,,,,,,
qx_ppmtx_defect_report_pn,STREAMING_TABLE,Silver defect report parts - validated parts associated with defect reports,defect_type,0,STRING,YES,,,,,,
qx_ppmtx_defect_report_pn,STREAMING_TABLE,Silver defect report parts - validated parts associated with defect reports,defect,1,STRING,YES,,,,,,
qx_ppmtx_defect_report_pn,STREAMING_TABLE,Silver defect report parts - validated parts associated with defect reports,defect_item,2,DECIMAL,YES,,,,,,
qx_ppmtx_defect_report_pn,STREAMING_TABLE,Silver defect report parts - validated parts associated with defect reports,item,3,DECIMAL,YES,,,,,,
qx_ppmtx_defect_report_pn,STREAMING_TABLE,Silver defect report parts - validated parts associated with defect reports,pn,4,STRING,YES,,,,,,
qx_ppmtx_defect_report_pn,STREAMING_TABLE,Silver defect report parts - validated parts associated with defect reports,spare,5,STRING,YES,,,,,,
qx_ppmtx_defect_report_pn,STREAMING_TABLE,Silver defect report parts - validated parts associated with defect reports,ipc,6,STRING,YES,,,,,,
qx_ppmtx_defect_report_pn,STREAMING_TABLE,Silver defect report parts - validated parts associated with defect reports,required_date,7,TIMESTAMP,YES,,,,,,
qx_ppmtx_defect_report_pn,STREAMING_TABLE,Silver defect report parts - validated parts associated with defect reports,qty,8,DECIMAL,YES,,,,,,
qx_ppmtx_defect_report_pn,STREAMING_TABLE,Silver defect report parts - validated parts associated with defect reports,reserved,9,STRING,YES,,,,,,
qx_ppmtx_defect_report_pn,STREAMING_TABLE,Silver defect report parts - validated parts associated with defect reports,notes,10,DECIMAL,YES,,,,,,
qx_ppmtx_defect_report_pn,STREAMING_TABLE,Silver defect report parts - validated parts associated with defect reports,blob_no,11,DECIMAL,YES,,,,,,
qx_ppmtx_defect_report_pn,STREAMING_TABLE,Silver defect report parts - validated parts associated with defect reports,document_no,12,DECIMAL,YES,,,,,,
qx_ppmtx_defect_report_pn,STREAMING_TABLE,Silver defect report parts - validated parts associated with defect reports,created_by,13,STRING,YES,,,,,,
qx_ppmtx_defect_report_pn,STREAMING_TABLE,Silver defect report parts - validated parts associated with defect reports,created_date,14,TIMESTAMP,YES,,,,,,
qx_ppmtx_defect_report_pn,STREAMING_TABLE,Silver defect report parts - validated parts associated with defect reports,modified_by,15,STRING,YES,,,,,,
qx_ppmtx_defect_report_pn,STREAMING_TABLE,Silver defect report parts - validated parts associated with defect reports,modified_date,16,TIMESTAMP,YES,,,,,,
qx_ppmtx_defect_report_pn,STREAMING_TABLE,Silver defect report parts - validated parts associated with defect reports,picklist_processed,17,STRING,YES,,,,,,
qx_ppmtx_defect_report_pn,STREAMING_TABLE,Silver defect report parts - validated parts associated with defect reports,qty_reserved,18,DECIMAL,YES,,,,,,
qx_ppmtx_defect_report_pn,STREAMING_TABLE,Silver defect report parts - validated parts associated with defect reports,processed_timestamp,19,TIMESTAMP,YES,,,,,,
qx_ppmtx_dq_orphaned_defect_pn,MATERIALIZED_VIEW,Referential integrity check - defect report parts without matching part master entry,defect_type,0,STRING,YES,,,,,,
qx_ppmtx_dq_orphaned_defect_pn,MATERIALIZED_VIEW,Referential integrity check - defect report parts without matching part master entry,defect,1,STRING,YES,,,,,,
qx_ppmtx_dq_orphaned_defect_pn,MATERIALIZED_VIEW,Referential integrity check - defect report parts without matching part master entry,defect_item,2,DECIMAL,YES,,,,,,
qx_ppmtx_dq_orphaned_defect_pn,MATERIALIZED_VIEW,Referential integrity check - defect report parts without matching part master entry,pn,3,STRING,YES,,,,,,
qx_ppmtx_dq_orphaned_defect_pn,MATERIALIZED_VIEW,Referential integrity check - defect report parts without matching part master entry,processed_timestamp,4,TIMESTAMP,YES,,,,,,
qx_ppmtx_dq_orphaned_defect_pn,MATERIALIZED_VIEW,Referential integrity check - defect report parts without matching part master entry,integrity_issue,5,STRING,YES,,,,,,
qx_ppmtx_dq_orphaned_inventory,MATERIALIZED_VIEW,Referential integrity check - inventory detail records without matching part master entry,batch,0,DECIMAL,YES,,,,,,
qx_ppmtx_dq_orphaned_inventory,MATERIALIZED_VIEW,Referential integrity check - inventory detail records without matching part master entry,pn,1,STRING,YES,,,,,,
qx_ppmtx_dq_orphaned_inventory,MATERIALIZED_VIEW,Referential integrity check - inventory detail records without matching part master entry,sn,2,STRING,YES,,,,,,
qx_ppmtx_dq_orphaned_inventory,MATERIALIZED_VIEW,Referential integrity check - inventory detail records without matching part master entry,condition,3,STRING,YES,,,,,,
qx_ppmtx_dq_orphaned_inventory,MATERIALIZED_VIEW,Referential integrity check - inventory detail records without matching part master entry,processed_timestamp,4,TIMESTAMP,YES,,,,,,
qx_ppmtx_dq_orphaned_inventory,MATERIALIZED_VIEW,Referential integrity check - inventory detail records without matching part master entry,integrity_issue,5,STRING,YES,,,,,,
qx_ppmtx_dq_record_counts,MATERIALIZED_VIEW,Data quality monitoring - record counts and processing timestamps per Silver table,table_name,0,STRING,YES,,,,,,
qx_ppmtx_dq_record_counts,MATERIALIZED_VIEW,Data quality monitoring - record counts and processing timestamps per Silver table,record_count,1,LONG,YES,,,,,,
qx_ppmtx_dq_record_counts,MATERIALIZED_VIEW,Data quality monitoring - record counts and processing timestamps per Silver table,last_processed,2,TIMESTAMP,YES,,,,,,
qx_ppmtx_dq_rules,MANAGED,Centralized data quality rules for Silver layer pipelines,table_name,0,STRING,NO,,Target Silver table name,PRIMARY KEY,pk_dq_rules,,
qx_ppmtx_dq_rules,MANAGED,Centralized data quality rules for Silver layer pipelines,rule_name,1,STRING,NO,,Unique rule identifier within a table,PRIMARY KEY,pk_dq_rules,,
qx_ppmtx_dq_rules,MANAGED,Centralized data quality rules for Silver layer pipelines,constraint_sql,2,STRING,NO,,SQL boolean expression for the rule,,,,
qx_ppmtx_dq_rules,MANAGED,Centralized data quality rules for Silver layer pipelines,severity,3,STRING,NO,,CRITICAL (drop) or WARNING (log only),,,,
qx_ppmtx_dq_rules,MANAGED,Centralized data quality rules for Silver layer pipelines,description,4,STRING,YES,,Human-readable rule description,,,,
qx_ppmtx_dq_rules,MANAGED,Centralized data quality rules for Silver layer pipelines,is_active,5,BOOLEAN,NO,,Whether the rule is currently active,,,,
qx_ppmtx_dq_rules,MANAGED,Centralized data quality rules for Silver layer pipelines,created_date,6,TIMESTAMP,YES,,Rule creation timestamp,,,,
qx_ppmtx_dq_rules,MANAGED,Centralized data quality rules for Silver layer pipelines,modified_date,7,TIMESTAMP,YES,,Last modification timestamp,,,,
qx_ppmtx_order_detail,STREAMING_TABLE,Silver order detail - validated maintenance order line items,order_type,0,STRING,YES,,,,,,
qx_ppmtx_order_detail,STREAMING_TABLE,Silver order detail - validated maintenance order line items,order_number,1,DECIMAL,YES,,,,,,
qx_ppmtx_order_detail,STREAMING_TABLE,Silver order detail - validated maintenance order line items,order_line,2,DECIMAL,YES,,,,,,
qx_ppmtx_order_detail,STREAMING_TABLE,Silver order detail - validated maintenance order line items,status,3,STRING,YES,,,,,,
qx_ppmtx_order_detail,STREAMING_TABLE,Silver order detail - validated maintenance order line items,requisition,4,DECIMAL,YES,,,,,,
qx_ppmtx_order_detail,STREAMING_TABLE,Silver order detail - validated maintenance order line items,requisition_line,5,DECIMAL,YES,,,,,,
qx_ppmtx_order_detail,STREAMING_TABLE,Silver order detail - validated maintenance order line items,pn,6,STRING,YES,,,,,,
qx_ppmtx_order_detail,STREAMING_TABLE,Silver order detail - validated maintenance order line items,sn,7,STRING,YES,,,,,,
qx_ppmtx_order_detail,STREAMING_TABLE,Silver order detail - validated maintenance order line items,batch,8,DECIMAL,YES,,,,,,
qx_ppmtx_order_detail,STREAMING_TABLE,Silver order detail - validated maintenance order line items,pn_description,9,STRING,YES,,,,,,
qx_ppmtx_order_detail,STREAMING_TABLE,Silver order detail - validated maintenance order line items,exchange_pn,10,STRING,YES,,,,,,
qx_ppmtx_order_detail,STREAMING_TABLE,Silver order detail - validated maintenance order line items,exchange_pn_description,11,STRING,YES,,,,,,
qx_ppmtx_order_detail,STREAMING_TABLE,Silver order detail - validated maintenance order line items,exchange_sn,12,STRING,YES,,,,,,
qx_ppmtx_order_detail,STREAMING_TABLE,Silver order detail - validated maintenance order line items,exchange_repair,13,STRING,YES,,,,,,
qx_ppmtx_order_detail,STREAMING_TABLE,Silver order detail - validated maintenance order line items,exchange_repair_cost,14,DECIMAL,YES,,,,,,
qx_ppmtx_order_detail,STREAMING_TABLE,Silver order detail - validated maintenance order line items,actual_repair,15,STRING,YES,,,,,,
qx_ppmtx_order_detail,STREAMING_TABLE,Silver order detail - validated maintenance order line items,non_inventory_flag,16,STRING,YES,,,,,,
qx_ppmtx_order_detail,STREAMING_TABLE,Silver order detail - validated maintenance order line items,qty_require,17,DECIMAL,YES,,,,,,
qx_ppmtx_order_detail,STREAMING_TABLE,Silver order detail - validated maintenance order line items,qty_received,18,DECIMAL,YES,,,,,,
qx_ppmtx_order_detail,STREAMING_TABLE,Silver order detail - validated maintenance order line items,qty_available,19,DECIMAL,YES,,,,,,
qx_ppmtx_order_detail,STREAMING_TABLE,Silver order detail - validated maintenance order line items,qty_pending_ri,20,DECIMAL,YES,,,,,,
qx_ppmtx_order_detail,STREAMING_TABLE,Silver order detail - validated maintenance order line items,qty_us,21,DECIMAL,YES,,,,,,
qx_ppmtx_order_detail,STREAMING_TABLE,Silver order detail - validated maintenance order line items,unit_cost,22,DECIMAL,YES,,,,,,
qx_ppmtx_order_detail,STREAMING_TABLE,Silver order detail - validated maintenance order line items,labor_cost,23,DECIMAL,YES,,,,,,
qx_ppmtx_order_detail,STREAMING_TABLE,Silver order detail - validated maintenance order line items,duty_cost,24,DECIMAL,YES,,,,,,
qx_ppmtx_order_detail,STREAMING_TABLE,Silver order detail - validated maintenance order line items,freight_cost,25,DECIMAL,YES,,,,,,
qx_ppmtx_order_detail,STREAMING_TABLE,Silver order detail - validated maintenance order line items,tax_cost,26,DECIMAL,YES,,,,,,
qx_ppmtx_order_detail,STREAMING_TABLE,Silver order detail - validated maintenance order line items,loan_days,27,DECIMAL,YES,,,,,,
qx_ppmtx_order_detail,STREAMING_TABLE,Silver order detail - validated maintenance order line items,load_initial_cost,28,DECIMAL,YES,,,,,,
qx_ppmtx_order_detail,STREAMING_TABLE,Silver order detail - validated maintenance order line items,cost_per_day_factor_1,29,DECIMAL,YES,,,,,,
qx_ppmtx_order_detail,STREAMING_TABLE,Silver order detail - validated maintenance order line items,cost_per_day_factor_2,30,DECIMAL,YES,,,,,,
qx_ppmtx_order_detail,STREAMING_TABLE,Silver order detail - validated maintenance order line items,uom,31,STRING,YES,,,,,,
qx_ppmtx_order_detail,STREAMING_TABLE,Silver order detail - validated maintenance order line items,condition,32,STRING,YES,,,,,,
qx_ppmtx_order_detail,STREAMING_TABLE,Silver order detail - validated maintenance order line items,delivery_date,33,TIMESTAMP,YES,,,,,,
qx_ppmtx_order_detail,STREAMING_TABLE,Silver order detail - validated maintenance order line items,owner,34,STRING,YES,,,,,,
qx_ppmtx_order_detail,STREAMING_TABLE,Silver order detail - validated maintenance order line items,location,35,STRING,YES,,,,,,
qx_ppmtx_order_detail,STREAMING_TABLE,Silver order detail - validated maintenance order line items,warranty_claim,36,STRING,YES,,,,,,
qx_ppmtx_order_detail,STREAMING_TABLE,Silver order detail - validated maintenance order line items,gl_company,37,STRING,YES,,,,,,
qx_ppmtx_order_detail,STREAMING_TABLE,Silver order detail - validated maintenance order line items,gl_expenditure,38,STRING,YES,,,,,,
qx_ppmtx_order_detail,STREAMING_TABLE,Silver order detail - validated maintenance order line items,gl,39,STRING,YES,,,,,,
qx_ppmtx_order_detail,STREAMING_TABLE,Silver order detail - validated maintenance order line items,gl_cost_center,40,STRING,YES,,,,,,
qx_ppmtx_order_detail,STREAMING_TABLE,Silver order detail - validated maintenance order line items,wo,41,DECIMAL,YES,,,,,,
qx_ppmtx_order_detail,STREAMING_TABLE,Silver order detail - validated maintenance order line items,task_card,42,STRING,YES,,,,,,
qx_ppmtx_order_detail,STREAMING_TABLE,Silver order detail - validated maintenance order line items,auto_issue,43,STRING,YES,,,,,,
qx_ppmtx_order_detail,STREAMING_TABLE,Silver order detail - validated maintenance order line items,ro_location,44,STRING,YES,,,,,,
qx_ppmtx_order_detail,STREAMING_TABLE,Silver order detail - validated maintenance order line items,ro_bin,45,STRING,YES,,,,,,
qx_ppmtx_order_detail,STREAMING_TABLE,Silver order detail - validated maintenance order line items,notes,46,DECIMAL,YES,,,,,,
qx_ppmtx_order_detail,STREAMING_TABLE,Silver order detail - validated maintenance order line items,created_by,47,STRING,YES,,,,,,
qx_ppmtx_order_detail,STREAMING_TABLE,Silver order detail - validated maintenance order line items,created_date,48,TIMESTAMP,YES,,,,,,
qx_ppmtx_order_detail,STREAMING_TABLE,Silver order detail - validated maintenance order line items,modified_by,49,STRING,YES,,,,,,
qx_ppmtx_order_detail,STREAMING_TABLE,Silver order detail - validated maintenance order line items,modified_date,50,TIMESTAMP,YES,,,,,,
qx_ppmtx_order_detail,STREAMING_TABLE,Silver order detail - validated maintenance order line items,capital_expenditure,51,STRING,YES,,,,,,
qx_ppmtx_order_detail,STREAMING_TABLE,Silver order detail - validated maintenance order line items,discount,52,DECIMAL,YES,,,,,,
qx_ppmtx_order_detail,STREAMING_TABLE,Silver order detail - validated maintenance order line items,last_date_received,53,TIMESTAMP,YES,,,,,,
qx_ppmtx_order_detail,STREAMING_TABLE,Silver order detail - validated maintenance order line items,warranty_claim_status,54,STRING,YES,,,,,,
qx_ppmtx_order_detail,STREAMING_TABLE,Silver order detail - validated maintenance order line items,lead_days,55,DECIMAL,YES,,,,,,
qx_ppmtx_order_detail,STREAMING_TABLE,Silver order detail - validated maintenance order line items,return_pn_within_days,56,DECIMAL,YES,,,,,,
qx_ppmtx_order_detail,STREAMING_TABLE,Silver order detail - validated maintenance order line items,invoiced,57,STRING,YES,,,,,,
qx_ppmtx_order_detail,STREAMING_TABLE,Silver order detail - validated maintenance order line items,expedite_date,58,TIMESTAMP,YES,,,,,,
qx_ppmtx_order_detail,STREAMING_TABLE,Silver order detail - validated maintenance order line items,expedited,59,STRING,YES,,,,,,
qx_ppmtx_order_detail,STREAMING_TABLE,Silver order detail - validated maintenance order line items,invoice_status,60,STRING,YES,,,,,,
qx_ppmtx_order_detail,STREAMING_TABLE,Silver order detail - validated maintenance order line items,warranty_hours,61,DECIMAL,YES,,,,,,
qx_ppmtx_order_detail,STREAMING_TABLE,Silver order detail - validated maintenance order line items,warranty_cycles,62,DECIMAL,YES,,,,,,
qx_ppmtx_order_detail,STREAMING_TABLE,Silver order detail - validated maintenance order line items,warranty_days,63,DECIMAL,YES,,,,,,
qx_ppmtx_order_detail,STREAMING_TABLE,Silver order detail - validated maintenance order line items,loan_category,64,STRING,YES,,,,,,
qx_ppmtx_order_detail,STREAMING_TABLE,Silver order detail - validated maintenance order line items,invoice_reserved,65,STRING,YES,,,,,,
qx_ppmtx_order_detail,STREAMING_TABLE,Silver order detail - validated maintenance order line items,fault_found,66,STRING,YES,,,,,,
qx_ppmtx_order_detail,STREAMING_TABLE,Silver order detail - validated maintenance order line items,quoted,67,STRING,YES,,,,,,
qx_ppmtx_order_detail,STREAMING_TABLE,Silver order detail - validated maintenance order line items,ber,68,STRING,YES,,,,,,
qx_ppmtx_order_detail,STREAMING_TABLE,Silver order detail - validated maintenance order line items,scrap,69,STRING,YES,,,,,,
qx_ppmtx_order_detail,STREAMING_TABLE,Silver order detail - validated maintenance order line items,exchanged_core_cost,70,DECIMAL,YES,,,,,,
qx_ppmtx_order_detail,STREAMING_TABLE,Silver order detail - validated maintenance order line items,exchanged_core_cost_secondary,71,DECIMAL,YES,,,,,,
qx_ppmtx_order_detail,STREAMING_TABLE,Silver order detail - validated maintenance order line items,loan_days_factor_2,72,DECIMAL,YES,,,,,,
qx_ppmtx_order_detail,STREAMING_TABLE,Silver order detail - validated maintenance order line items,cost_per_day_factor_3,73,DECIMAL,YES,,,,,,
qx_ppmtx_order_detail,STREAMING_TABLE,Silver order detail - validated maintenance order line items,reserve_sn,74,STRING,YES,,,,,,
qx_ppmtx_order_detail,STREAMING_TABLE,Silver order detail - validated maintenance order line items,reserve_batch,75,DECIMAL,YES,,,,,,
qx_ppmtx_order_detail,STREAMING_TABLE,Silver order detail - validated maintenance order line items,qty_reserved,76,DECIMAL,YES,,,,,,
qx_ppmtx_order_detail,STREAMING_TABLE,Silver order detail - validated maintenance order line items,qty_shipped,77,DECIMAL,YES,,,,,,
qx_ppmtx_order_detail,STREAMING_TABLE,Silver order detail - validated maintenance order line items,picklist,78,DECIMAL,YES,,,,,,
qx_ppmtx_order_detail,STREAMING_TABLE,Silver order detail - validated maintenance order line items,picklist_line,79,DECIMAL,YES,,,,,,
qx_ppmtx_order_detail,STREAMING_TABLE,Silver order detail - validated maintenance order line items,sn_to_be_send,80,STRING,YES,,,,,,
qx_ppmtx_order_detail,STREAMING_TABLE,Silver order detail - validated maintenance order line items,sn_to_be_received,81,STRING,YES,,,,,,
qx_ppmtx_order_detail,STREAMING_TABLE,Silver order detail - validated maintenance order line items,loan_days_factor_1_percent,82,DECIMAL,YES,,,,,,
qx_ppmtx_order_detail,STREAMING_TABLE,Silver order detail - validated maintenance order line items,loan_days_factor_2_percent,83,DECIMAL,YES,,,,,,
qx_ppmtx_order_detail,STREAMING_TABLE,Silver order detail - validated maintenance order line items,loan_days_factor_3_percent,84,DECIMAL,YES,,,,,,
qx_ppmtx_order_detail,STREAMING_TABLE,Silver order detail - validated maintenance order line items,fix_loan_cost,85,DECIMAL,YES,,,,,,
qx_ppmtx_order_detail,STREAMING_TABLE,Silver order detail - validated maintenance order line items,fix_loan_cost_percent,86,DECIMAL,YES,,,,,,
qx_ppmtx_order_detail,STREAMING_TABLE,Silver order detail - validated maintenance order line items,warranty_claim_print,87,STRING,YES,,,,,,
qx_ppmtx_order_detail,STREAMING_TABLE,Silver order detail - validated maintenance order line items,warranty_claim_date,88,TIMESTAMP,YES,,,,,,
qx_ppmtx_order_detail,STREAMING_TABLE,Silver order detail - validated maintenance order line items,warranty_claim_transaction,89,STRING,YES,,,,,,
qx_ppmtx_order_detail,STREAMING_TABLE,Silver order detail - validated maintenance order line items,so_type,90,STRING,YES,,,,,,
qx_ppmtx_order_detail,STREAMING_TABLE,Silver order detail - validated maintenance order line items,so_number,91,DECIMAL,YES,,,,,,
qx_ppmtx_order_detail,STREAMING_TABLE,Silver order detail - validated maintenance order line items,so_line,92,DECIMAL,YES,,,,,,
qx_ppmtx_order_detail,STREAMING_TABLE,Silver order detail - validated maintenance order line items,insurance_claim,93,STRING,YES,,,,,,
qx_ppmtx_order_detail,STREAMING_TABLE,Silver order detail - validated maintenance order line items,insurance_claim_number,94,STRING,YES,,,,,,
qx_ppmtx_order_detail,STREAMING_TABLE,Silver order detail - validated maintenance order line items,unit_list_price,95,DECIMAL,YES,,,,,,
qx_ppmtx_order_detail,STREAMING_TABLE,Silver order detail - validated maintenance order line items,contract_order_by_months,96,STRING,YES,,,,,,
qx_ppmtx_order_detail,STREAMING_TABLE,Silver order detail - validated maintenance order line items,number_of_months,97,DECIMAL,YES,,,,,,
qx_ppmtx_order_detail,STREAMING_TABLE,Silver order detail - validated maintenance order line items,number_of_months_issued,98,DECIMAL,YES,,,,,,
qx_ppmtx_order_detail,STREAMING_TABLE,Silver order detail - validated maintenance order line items,ri_reset_at_receiving,99,STRING,YES,,,,,,
qx_ppmtx_order_detail,STREAMING_TABLE,Silver order detail - validated maintenance order line items,warranty_goods_rcvd_batch,100,DECIMAL,YES,,,,,,
qx_ppmtx_order_detail,STREAMING_TABLE,Silver order detail - validated maintenance order line items,warranty_line,101,DECIMAL,YES,,,,,,
qx_ppmtx_order_detail,STREAMING_TABLE,Silver order detail - validated maintenance order line items,schedule_ac_days,102,DECIMAL,YES,,,,,,
qx_ppmtx_order_detail,STREAMING_TABLE,Silver order detail - validated maintenance order line items,blob_no,103,DECIMAL,YES,,,,,,
qx_ppmtx_order_detail,STREAMING_TABLE,Silver order detail - validated maintenance order line items,to_bin,104,STRING,YES,,,,,,
qx_ppmtx_order_detail,STREAMING_TABLE,Silver order detail - validated maintenance order line items,loan_start_charge_date,105,TIMESTAMP,YES,,,,,,
qx_ppmtx_order_detail,STREAMING_TABLE,Silver order detail - validated maintenance order line items,loan_end_charge_date,106,TIMESTAMP,YES,,,,,,
qx_ppmtx_order_detail,STREAMING_TABLE,Silver order detail - validated maintenance order line items,exchange_batch,107,DECIMAL,YES,,,,,,
qx_ppmtx_order_detail,STREAMING_TABLE,Silver order detail - validated maintenance order line items,free_of_charge_flag,108,STRING,YES,,,,,,
qx_ppmtx_order_detail,STREAMING_TABLE,Silver order detail - validated maintenance order line items,warranty_claim_order_item_type,109,STRING,YES,,,,,,
qx_ppmtx_order_detail,STREAMING_TABLE,Silver order detail - validated maintenance order line items,consigned_generation_flag,110,STRING,YES,,,,,,
qx_ppmtx_order_detail,STREAMING_TABLE,Silver order detail - validated maintenance order line items,consigned_generation_line,111,DECIMAL,YES,,,,,,
qx_ppmtx_order_detail,STREAMING_TABLE,Silver order detail - validated maintenance order line items,distribution_line,112,DECIMAL,YES,,,,,,
qx_ppmtx_order_detail,STREAMING_TABLE,Silver order detail - validated maintenance order line items,ac,113,STRING,YES,,,,,,
qx_ppmtx_order_detail,STREAMING_TABLE,Silver order detail - validated maintenance order line items,ro_gl_company,114,STRING,YES,,,,,,
qx_ppmtx_order_detail,STREAMING_TABLE,Silver order detail - validated maintenance order line items,ro_gl_expenditure,115,STRING,YES,,,,,,
qx_ppmtx_order_detail,STREAMING_TABLE,Silver order detail - validated maintenance order line items,ro_gl,116,STRING,YES,,,,,,
qx_ppmtx_order_detail,STREAMING_TABLE,Silver order detail - validated maintenance order line items,ro_gl_cost_center,117,STRING,YES,,,,,,
qx_ppmtx_order_detail,STREAMING_TABLE,Silver order detail - validated maintenance order line items,est_ship_date,118,TIMESTAMP,YES,,,,,,
qx_ppmtx_order_detail,STREAMING_TABLE,Silver order detail - validated maintenance order line items,receipt_at_vendor_date,119,TIMESTAMP,YES,,,,,,
qx_ppmtx_order_detail,STREAMING_TABLE,Silver order detail - validated maintenance order line items,actual_ship_from_date,120,TIMESTAMP,YES,,,,,,
qx_ppmtx_order_detail,STREAMING_TABLE,Silver order detail - validated maintenance order line items,interface_transfer_by,121,STRING,YES,,,,,,
qx_ppmtx_order_detail,STREAMING_TABLE,Silver order detail - validated maintenance order line items,interface_transfer_date,122,TIMESTAMP,YES,,,,,,
qx_ppmtx_order_detail,STREAMING_TABLE,Silver order detail - validated maintenance order line items,us_code,123,STRING,YES,,,,,,
qx_ppmtx_order_detail,STREAMING_TABLE,Silver order detail - validated maintenance order line items,miscellaneous_ref,124,STRING,YES,,,,,,
qx_ppmtx_order_detail,STREAMING_TABLE,Silver order detail - validated maintenance order line items,amount_awarded,125,DECIMAL,YES,,,,,,
qx_ppmtx_order_detail,STREAMING_TABLE,Silver order detail - validated maintenance order line items,trax_transaction,126,DECIMAL,YES,,,,,,
qx_ppmtx_order_detail,STREAMING_TABLE,Silver order detail - validated maintenance order line items,spec2000_sent_status,127,STRING,YES,,,,,,
qx_ppmtx_order_detail,STREAMING_TABLE,Silver order detail - validated maintenance order line items,spec2000_message_accepted,128,STRING,YES,,,,,,
qx_ppmtx_order_detail,STREAMING_TABLE,Silver order detail - validated maintenance order line items,document_no,129,DECIMAL,YES,,,,,,
qx_ppmtx_order_detail,STREAMING_TABLE,Silver order detail - validated maintenance order line items,invoiceworks_transfer_by,130,STRING,YES,,,,,,
qx_ppmtx_order_detail,STREAMING_TABLE,Silver order detail - validated maintenance order line items,invoiceworks_transfer_date,131,TIMESTAMP,YES,,,,,,
qx_ppmtx_order_detail,STREAMING_TABLE,Silver order detail - validated maintenance order line items,invoiceworks_prev_transaction,132,DECIMAL,YES,,,,,,
qx_ppmtx_order_detail,STREAMING_TABLE,Silver order detail - validated maintenance order line items,spec2000_prev_transaction,133,DECIMAL,YES,,,,,,
qx_ppmtx_order_detail,STREAMING_TABLE,Silver order detail - validated maintenance order line items,pricechange_unit_cost,134,DECIMAL,YES,,,,,,
qx_ppmtx_order_detail,STREAMING_TABLE,Silver order detail - validated maintenance order line items,earliest,135,STRING,YES,,,,,,
qx_ppmtx_order_detail,STREAMING_TABLE,Silver order detail - validated maintenance order line items,defect_type,136,STRING,YES,,,,,,
qx_ppmtx_order_detail,STREAMING_TABLE,Silver order detail - validated maintenance order line items,defect,137,STRING,YES,,,,,,
qx_ppmtx_order_detail,STREAMING_TABLE,Silver order detail - validated maintenance order line items,defect_item,138,DECIMAL,YES,,,,,,
qx_ppmtx_order_detail,STREAMING_TABLE,Silver order detail - validated maintenance order line items,iface_baxter_matsup_xfer_date,139,TIMESTAMP,YES,,,,,,
qx_ppmtx_order_detail,STREAMING_TABLE,Silver order detail - validated maintenance order line items,override_receive_pn,140,STRING,YES,,,,,,
qx_ppmtx_order_detail,STREAMING_TABLE,Silver order detail - validated maintenance order line items,ro_pn_on_ac,141,STRING,YES,,,,,,
qx_ppmtx_order_detail,STREAMING_TABLE,Silver order detail - validated maintenance order line items,auto_issue_qty,142,DECIMAL,YES,,,,,,
qx_ppmtx_order_detail,STREAMING_TABLE,Silver order detail - validated maintenance order line items,auto_issue_qty_received,143,DECIMAL,YES,,,,,,
qx_ppmtx_order_detail,STREAMING_TABLE,Silver order detail - validated maintenance order line items,delivery_hour,144,DECIMAL,YES,,,,,,
qx_ppmtx_order_detail,STREAMING_TABLE,Silver order detail - validated maintenance order line items,delivery_minute,145,DECIMAL,YES,,,,,,
qx_ppmtx_order_detail,STREAMING_TABLE,Silver order detail - validated maintenance order line items,lht_number,146,STRING,YES,,,,,,
qx_ppmtx_order_detail,STREAMING_TABLE,Silver order detail - validated maintenance order line items,remarks,147,STRING,YES,,,,,,
qx_ppmtx_order_detail,STREAMING_TABLE,Silver order detail - validated maintenance order line items,license_type,148,STRING,YES,,,,,,
qx_ppmtx_order_detail,STREAMING_TABLE,Silver order detail - validated maintenance order line items,qty_license,149,DECIMAL,YES,,,,,,
qx_ppmtx_order_detail,STREAMING_TABLE,Silver order detail - validated maintenance order line items,total_cost,150,DECIMAL,YES,,,,,,
qx_ppmtx_order_detail,STREAMING_TABLE,Silver order detail - validated maintenance order line items,converted_from_order_type,151,STRING,YES,,,,,,
qx_ppmtx_order_detail,STREAMING_TABLE,Silver order detail - validated maintenance order line items,converted_from_order_line,152,DECIMAL,YES,,,,,,
qx_ppmtx_order_detail,STREAMING_TABLE,Silver order detail - validated maintenance order line items,converted_to_order_type,153,STRING,YES,,,,,,
qx_ppmtx_order_detail,STREAMING_TABLE,Silver order detail - validated maintenance order line items,converted_to_order_line,154,DECIMAL,YES,,,,,,
qx_ppmtx_order_detail,STREAMING_TABLE,Silver order detail - validated maintenance order line items,vat_code,155,STRING,YES,,,,,,
qx_ppmtx_order_detail,STREAMING_TABLE,Silver order detail - validated maintenance order line items,rental_issue_date,156,TIMESTAMP,YES,,,,,,
qx_ppmtx_order_detail,STREAMING_TABLE,Silver order detail - validated maintenance order line items,rental_last_invoice_date,157,TIMESTAMP,YES,,,,,,
qx_ppmtx_order_detail,STREAMING_TABLE,Silver order detail - validated maintenance order line items,replacement_pn,158,STRING,YES,,,,,,
qx_ppmtx_order_detail,STREAMING_TABLE,Silver order detail - validated maintenance order line items,line_identifier,159,DECIMAL,YES,,,,,,
qx_ppmtx_order_detail,STREAMING_TABLE,Silver order detail - validated maintenance order line items,line_item_sn,160,STRING,YES,,,,,,
qx_ppmtx_order_detail,STREAMING_TABLE,Silver order detail - validated maintenance order line items,line_item_qty,161,DECIMAL,YES,,,,,,
qx_ppmtx_order_detail,STREAMING_TABLE,Silver order detail - validated maintenance order line items,line_item_uom,162,STRING,YES,,,,,,
qx_ppmtx_order_detail,STREAMING_TABLE,Silver order detail - validated maintenance order line items,latest_ship_date,163,TIMESTAMP,YES,,,,,,
qx_ppmtx_order_detail,STREAMING_TABLE,Silver order detail - validated maintenance order line items,latest_ship_hour,164,DECIMAL,YES,,,,,,
qx_ppmtx_order_detail,STREAMING_TABLE,Silver order detail - validated maintenance order line items,latest_ship_minute,165,DECIMAL,YES,,,,,,
qx_ppmtx_order_detail,STREAMING_TABLE,Silver order detail - validated maintenance order line items,negotiated_ship_date,166,TIMESTAMP,YES,,,,,,
qx_ppmtx_order_detail,STREAMING_TABLE,Silver order detail - validated maintenance order line items,negotiated_ship_hour,167,DECIMAL,YES,,,,,,
qx_ppmtx_order_detail,STREAMING_TABLE,Silver order detail - validated maintenance order line items,negotiated_ship_minute,168,DECIMAL,YES,,,,,,
qx_ppmtx_order_detail,STREAMING_TABLE,Silver order detail - validated maintenance order line items,latest_return_date,169,TIMESTAMP,YES,,,,,,
qx_ppmtx_order_detail,STREAMING_TABLE,Silver order detail - validated maintenance order line items,latest_tat,170,DECIMAL,YES,,,,,,
qx_ppmtx_order_detail,STREAMING_TABLE,Silver order detail - validated maintenance order line items,repair_status_code,171,STRING,YES,,,,,,
qx_ppmtx_order_detail,STREAMING_TABLE,Silver order detail - validated maintenance order line items,line_item_remarks,172,STRING,YES,,,,,,
qx_ppmtx_order_detail,STREAMING_TABLE,Silver order detail - validated maintenance order line items,order_lock,173,STRING,YES,,,,,,
qx_ppmtx_order_detail,STREAMING_TABLE,Silver order detail - validated maintenance order line items,ship_days,174,DECIMAL,YES,,,,,,
qx_ppmtx_order_detail,STREAMING_TABLE,Silver order detail - validated maintenance order line items,in_use,175,STRING,YES,,,,,,
qx_ppmtx_order_detail,STREAMING_TABLE,Silver order detail - validated maintenance order line items,in_use_by,176,STRING,YES,,,,,,
qx_ppmtx_order_detail,STREAMING_TABLE,Silver order detail - validated maintenance order line items,unit_cost_currency,177,DECIMAL,YES,,,,,,
qx_ppmtx_order_detail,STREAMING_TABLE,Silver order detail - validated maintenance order line items,freight_cost_currency,178,DECIMAL,YES,,,,,,
qx_ppmtx_order_detail,STREAMING_TABLE,Silver order detail - validated maintenance order line items,duty_cost_currency,179,DECIMAL,YES,,,,,,
qx_ppmtx_order_detail,STREAMING_TABLE,Silver order detail - validated maintenance order line items,tax_cost_currency,180,DECIMAL,YES,,,,,,
qx_ppmtx_order_detail,STREAMING_TABLE,Silver order detail - validated maintenance order line items,load_initial_cost_currency,181,DECIMAL,YES,,,,,,
qx_ppmtx_order_detail,STREAMING_TABLE,Silver order detail - validated maintenance order line items,cost_per_day_factor_1_currency,182,DECIMAL,YES,,,,,,
qx_ppmtx_order_detail,STREAMING_TABLE,Silver order detail - validated maintenance order line items,cost_per_day_factor_2_currency,183,DECIMAL,YES,,,,,,
qx_ppmtx_order_detail,STREAMING_TABLE,Silver order detail - validated maintenance order line items,cost_per_day_factor_3_currency,184,DECIMAL,YES,,,,,,
qx_ppmtx_order_detail,STREAMING_TABLE,Silver order detail - validated maintenance order line items,exchange_repair_cost_currency,185,DECIMAL,YES,,,,,,
qx_ppmtx_order_detail,STREAMING_TABLE,Silver order detail - validated maintenance order line items,tax_incentive,186,STRING,YES,,,,,,
qx_ppmtx_order_detail,STREAMING_TABLE,Silver order detail - validated maintenance order line items,tax_incentive_nbr,187,STRING,YES,,,,,,
qx_ppmtx_order_detail,STREAMING_TABLE,Silver order detail - validated maintenance order line items,linked_order_type,188,STRING,YES,,,,,,
qx_ppmtx_order_detail,STREAMING_TABLE,Silver order detail - validated maintenance order line items,linked_order_number,189,DECIMAL,YES,,,,,,
qx_ppmtx_order_detail,STREAMING_TABLE,Silver order detail - validated maintenance order line items,linked_order_line,190,DECIMAL,YES,,,,,,
qx_ppmtx_order_detail,STREAMING_TABLE,Silver order detail - validated maintenance order line items,pool_number,191,DECIMAL,YES,,,,,,
qx_ppmtx_order_detail,STREAMING_TABLE,Silver order detail - validated maintenance order line items,pool_line,192,DECIMAL,YES,,,,,,
qx_ppmtx_order_detail,STREAMING_TABLE,Silver order detail - validated maintenance order line items,fix_loan_cost_currency,193,DECIMAL,YES,,,,,,
qx_ppmtx_order_detail,STREAMING_TABLE,Silver order detail - validated maintenance order line items,operational_damage_flag,194,STRING,YES,,,,,,
qx_ppmtx_order_detail,STREAMING_TABLE,Silver order detail - validated maintenance order line items,operational_damage,195,STRING,YES,,,,,,
qx_ppmtx_order_detail,STREAMING_TABLE,Silver order detail - validated maintenance order line items,last_ack_date,196,TIMESTAMP,YES,,,,,,
qx_ppmtx_order_detail,STREAMING_TABLE,Silver order detail - validated maintenance order line items,os_sent_status,197,STRING,YES,,,,,,
qx_ppmtx_order_detail,STREAMING_TABLE,Silver order detail - validated maintenance order line items,os_message_accepted,198,STRING,YES,,,,,,
qx_ppmtx_order_detail,STREAMING_TABLE,Silver order detail - validated maintenance order line items,os_transaction,199,DECIMAL,YES,,,,,,
qx_ppmtx_order_detail,STREAMING_TABLE,Silver order detail - validated maintenance order line items,os_prev_transaction,200,DECIMAL,YES,,,,,,
qx_ppmtx_order_detail,STREAMING_TABLE,Silver order detail - validated maintenance order line items,date_rdy_2b_pckd_up,201,TIMESTAMP,YES,,,,,,
qx_ppmtx_order_detail,STREAMING_TABLE,Silver order detail - validated maintenance order line items,quoted_on_date,202,TIMESTAMP,YES,,,,,,
qx_ppmtx_order_detail,STREAMING_TABLE,Silver order detail - validated maintenance order line items,pn_to_be_received,203,STRING,YES,,,,,,
qx_ppmtx_order_detail,STREAMING_TABLE,Silver order detail - validated maintenance order line items,part_change,204,STRING,YES,,,,,,
qx_ppmtx_order_detail,STREAMING_TABLE,Silver order detail - validated maintenance order line items,price_change,205,STRING,YES,,,,,,
qx_ppmtx_order_detail,STREAMING_TABLE,Silver order detail - validated maintenance order line items,quantity_change,206,STRING,YES,,,,,,
qx_ppmtx_order_detail,STREAMING_TABLE,Silver order detail - validated maintenance order line items,donotshipearly_change,207,STRING,YES,,,,,,
qx_ppmtx_order_detail,STREAMING_TABLE,Silver order detail - validated maintenance order line items,shipping_address1,208,STRING,YES,,,,,,
qx_ppmtx_order_detail,STREAMING_TABLE,Silver order detail - validated maintenance order line items,shipping_address2,209,STRING,YES,,,,,,
qx_ppmtx_order_detail,STREAMING_TABLE,Silver order detail - validated maintenance order line items,shipping_city,210,STRING,YES,,,,,,
qx_ppmtx_order_detail,STREAMING_TABLE,Silver order detail - validated maintenance order line items,shipping_state,211,STRING,YES,,,,,,
qx_ppmtx_order_detail,STREAMING_TABLE,Silver order detail - validated maintenance order line items,shipping_post,212,STRING,YES,,,,,,
qx_ppmtx_order_detail,STREAMING_TABLE,Silver order detail - validated maintenance order line items,shipping_country,213,STRING,YES,,,,,,
qx_ppmtx_order_detail,STREAMING_TABLE,Silver order detail - validated maintenance order line items,shipping_phone,214,STRING,YES,,,,,,
qx_ppmtx_order_detail,STREAMING_TABLE,Silver order detail - validated maintenance order line items,shipping_fax,215,STRING,YES,,,,,,
qx_ppmtx_order_detail,STREAMING_TABLE,Silver order detail - validated maintenance order line items,shipping_cell,216,STRING,YES,,,,,,
qx_ppmtx_order_detail,STREAMING_TABLE,Silver order detail - validated maintenance order line items,shipping_email,217,STRING,YES,,,,,,
qx_ppmtx_order_detail,STREAMING_TABLE,Silver order detail - validated maintenance order line items,shipping_sita,218,STRING,YES,,,,,,
qx_ppmtx_order_detail,STREAMING_TABLE,Silver order detail - validated maintenance order line items,shipping_main_contact,219,STRING,YES,,,,,,
qx_ppmtx_order_detail,STREAMING_TABLE,Silver order detail - validated maintenance order line items,ship_complete,220,STRING,YES,,,,,,
qx_ppmtx_order_detail,STREAMING_TABLE,Silver order detail - validated maintenance order line items,location_change,221,STRING,YES,,,,,,
qx_ppmtx_order_detail,STREAMING_TABLE,Silver order detail - validated maintenance order line items,form_no,222,DECIMAL,YES,,,,,,
qx_ppmtx_order_detail,STREAMING_TABLE,Silver order detail - validated maintenance order line items,sv_control,223,STRING,YES,,,,,,
qx_ppmtx_order_detail,STREAMING_TABLE,Silver order detail - validated maintenance order line items,add_cost_type,224,STRING,YES,,,,,,
qx_ppmtx_order_detail,STREAMING_TABLE,Silver order detail - validated maintenance order line items,processed_timestamp,225,TIMESTAMP,YES,,,,,,
qx_ppmtx_pn_inventory_control,STREAMING_TABLE,Silver inventory control - validated scheduled maintenance controls for parts,pn,0,STRING,YES,,,,,,
qx_ppmtx_pn_inventory_control,STREAMING_TABLE,Silver inventory control - validated scheduled maintenance controls for parts,sn,1,STRING,YES,,,,,,
qx_ppmtx_pn_inventory_control,STREAMING_TABLE,Silver inventory control - validated scheduled maintenance controls for parts,control,2,STRING,YES,,,,,,
qx_ppmtx_pn_inventory_control,STREAMING_TABLE,Silver inventory control - validated scheduled maintenance controls for parts,schedule_hours,3,DECIMAL,YES,,,,,,
qx_ppmtx_pn_inventory_control,STREAMING_TABLE,Silver inventory control - validated scheduled maintenance controls for parts,schedule_cycles,4,DECIMAL,YES,,,,,,
qx_ppmtx_pn_inventory_control,STREAMING_TABLE,Silver inventory control - validated scheduled maintenance controls for parts,schedule_days,5,DECIMAL,YES,,,,,,
qx_ppmtx_pn_inventory_control,STREAMING_TABLE,Silver inventory control - validated scheduled maintenance controls for parts,schedule_date,6,TIMESTAMP,YES,,,,,,
qx_ppmtx_pn_inventory_control,STREAMING_TABLE,Silver inventory control - validated scheduled maintenance controls for parts,actual_hours,7,DECIMAL,YES,,,,,,
qx_ppmtx_pn_inventory_control,STREAMING_TABLE,Silver inventory control - validated scheduled maintenance controls for parts,actual_minutes,8,DECIMAL,YES,,,,,,
qx_ppmtx_pn_inventory_control,STREAMING_TABLE,Silver inventory control - validated scheduled maintenance controls for parts,actual_cycles,9,DECIMAL,YES,,,,,,
qx_ppmtx_pn_inventory_control,STREAMING_TABLE,Silver inventory control - validated scheduled maintenance controls for parts,actual_days,10,DECIMAL,YES,,,,,,
qx_ppmtx_pn_inventory_control,STREAMING_TABLE,Silver inventory control - validated scheduled maintenance controls for parts,reset_date,11,TIMESTAMP,YES,,,,,,
qx_ppmtx_pn_inventory_control,STREAMING_TABLE,Silver inventory control - validated scheduled maintenance controls for parts,notes,12,DECIMAL,YES,,,,,,
qx_ppmtx_pn_inventory_control,STREAMING_TABLE,Silver inventory control - validated scheduled maintenance controls for parts,created_by,13,STRING,YES,,,,,,
qx_ppmtx_pn_inventory_control,STREAMING_TABLE,Silver inventory control - validated scheduled maintenance controls for parts,created_date,14,TIMESTAMP,YES,,,,,,
qx_ppmtx_pn_inventory_control,STREAMING_TABLE,Silver inventory control - validated scheduled maintenance controls for parts,modified_by,15,STRING,YES,,,,,,
qx_ppmtx_pn_inventory_control,STREAMING_TABLE,Silver inventory control - validated scheduled maintenance controls for parts,modified_date,16,TIMESTAMP,YES,,,,,,
qx_ppmtx_pn_inventory_control,STREAMING_TABLE,Silver inventory control - validated scheduled maintenance controls for parts,authorization,17,STRING,YES,,,,,,
qx_ppmtx_pn_inventory_control,STREAMING_TABLE,Silver inventory control - validated scheduled maintenance controls for parts,override,18,STRING,YES,,,,,,
qx_ppmtx_pn_inventory_control,STREAMING_TABLE,Silver inventory control - validated scheduled maintenance controls for parts,calendar_control,19,STRING,YES,,,,,,
qx_ppmtx_pn_inventory_control,STREAMING_TABLE,Silver inventory control - validated scheduled maintenance controls for parts,date_control,20,STRING,YES,,,,,,
qx_ppmtx_pn_inventory_control,STREAMING_TABLE,Silver inventory control - validated scheduled maintenance controls for parts,display_hours,21,STRING,YES,,,,,,
qx_ppmtx_pn_inventory_control,STREAMING_TABLE,Silver inventory control - validated scheduled maintenance controls for parts,display_cycles,22,STRING,YES,,,,,,
qx_ppmtx_pn_inventory_control,STREAMING_TABLE,Silver inventory control - validated scheduled maintenance controls for parts,display_days,23,STRING,YES,,,,,,
qx_ppmtx_pn_inventory_control,STREAMING_TABLE,Silver inventory control - validated scheduled maintenance controls for parts,schedule_removals,24,DECIMAL,YES,,,,,,
qx_ppmtx_pn_inventory_control,STREAMING_TABLE,Silver inventory control - validated scheduled maintenance controls for parts,actual_removals,25,DECIMAL,YES,,,,,,
qx_ppmtx_pn_inventory_control,STREAMING_TABLE,Silver inventory control - validated scheduled maintenance controls for parts,plan_date,26,TIMESTAMP,YES,,,,,,
qx_ppmtx_pn_inventory_control,STREAMING_TABLE,Silver inventory control - validated scheduled maintenance controls for parts,plan_hour,27,DECIMAL,YES,,,,,,
qx_ppmtx_pn_inventory_control,STREAMING_TABLE,Silver inventory control - validated scheduled maintenance controls for parts,plan_minute,28,DECIMAL,YES,,,,,,
qx_ppmtx_pn_inventory_control,STREAMING_TABLE,Silver inventory control - validated scheduled maintenance controls for parts,plan_ac_hours,29,DECIMAL,YES,,,,,,
qx_ppmtx_pn_inventory_control,STREAMING_TABLE,Silver inventory control - validated scheduled maintenance controls for parts,plan_ac_minutes,30,DECIMAL,YES,,,,,,
qx_ppmtx_pn_inventory_control,STREAMING_TABLE,Silver inventory control - validated scheduled maintenance controls for parts,plan_ac_cycles,31,DECIMAL,YES,,,,,,
qx_ppmtx_pn_inventory_control,STREAMING_TABLE,Silver inventory control - validated scheduled maintenance controls for parts,plan_ac_brake_cycles,32,DECIMAL,YES,,,,,,
qx_ppmtx_pn_inventory_control,STREAMING_TABLE,Silver inventory control - validated scheduled maintenance controls for parts,hour_calendar_control,33,STRING,YES,,,,,,
qx_ppmtx_pn_inventory_control,STREAMING_TABLE,Silver inventory control - validated scheduled maintenance controls for parts,shelf_limited_control,34,STRING,YES,,,,,,
qx_ppmtx_pn_inventory_control,STREAMING_TABLE,Silver inventory control - validated scheduled maintenance controls for parts,schedule_rin,35,DECIMAL,YES,,,,,,
qx_ppmtx_pn_inventory_control,STREAMING_TABLE,Silver inventory control - validated scheduled maintenance controls for parts,actual_rin,36,DECIMAL,YES,,,,,,
qx_ppmtx_pn_inventory_control,STREAMING_TABLE,Silver inventory control - validated scheduled maintenance controls for parts,processed_timestamp,37,TIMESTAMP,YES,,,,,,
qx_ppmtx_pn_inventory_detail,STREAMING_TABLE,Silver inventory detail - validated part inventory records with cost and condition tracking,batch,0,DECIMAL,YES,,,,,,
qx_ppmtx_pn_inventory_detail,STREAMING_TABLE,Silver inventory detail - validated part inventory records with cost and condition tracking,goods_rcvd_batch,1,DECIMAL,YES,,,,,,
qx_ppmtx_pn_inventory_detail,STREAMING_TABLE,Silver inventory detail - validated part inventory records with cost and condition tracking,vendor_lot,2,STRING,YES,,,,,,
qx_ppmtx_pn_inventory_detail,STREAMING_TABLE,Silver inventory detail - validated part inventory records with cost and condition tracking,pn,3,STRING,YES,,,,,,
qx_ppmtx_pn_inventory_detail,STREAMING_TABLE,Silver inventory detail - validated part inventory records with cost and condition tracking,sn,4,STRING,YES,,,,,,
qx_ppmtx_pn_inventory_detail,STREAMING_TABLE,Silver inventory detail - validated part inventory records with cost and condition tracking,nha_pn,5,STRING,YES,,,,,,
qx_ppmtx_pn_inventory_detail,STREAMING_TABLE,Silver inventory detail - validated part inventory records with cost and condition tracking,nha_sn,6,STRING,YES,,,,,,
qx_ppmtx_pn_inventory_detail,STREAMING_TABLE,Silver inventory detail - validated part inventory records with cost and condition tracking,condition,7,STRING,YES,,,,,,
qx_ppmtx_pn_inventory_detail,STREAMING_TABLE,Silver inventory detail - validated part inventory records with cost and condition tracking,owner,8,STRING,YES,,,,,,
qx_ppmtx_pn_inventory_detail,STREAMING_TABLE,Silver inventory detail - validated part inventory records with cost and condition tracking,unit_cost,9,DECIMAL,YES,,,,,,
qx_ppmtx_pn_inventory_detail,STREAMING_TABLE,Silver inventory detail - validated part inventory records with cost and condition tracking,currency,10,STRING,YES,,,,,,
qx_ppmtx_pn_inventory_detail,STREAMING_TABLE,Silver inventory detail - validated part inventory records with cost and condition tracking,approved_certificate,11,STRING,YES,,,,,,
qx_ppmtx_pn_inventory_detail,STREAMING_TABLE,Silver inventory detail - validated part inventory records with cost and condition tracking,ri_by,12,STRING,YES,,,,,,
qx_ppmtx_pn_inventory_detail,STREAMING_TABLE,Silver inventory detail - validated part inventory records with cost and condition tracking,ri_date,13,TIMESTAMP,YES,,,,,,
qx_ppmtx_pn_inventory_detail,STREAMING_TABLE,Silver inventory detail - validated part inventory records with cost and condition tracking,installed_ac,14,STRING,YES,,,,,,
qx_ppmtx_pn_inventory_detail,STREAMING_TABLE,Silver inventory detail - validated part inventory records with cost and condition tracking,installed_position,15,STRING,YES,,,,,,
qx_ppmtx_pn_inventory_detail,STREAMING_TABLE,Silver inventory detail - validated part inventory records with cost and condition tracking,installed_date,16,TIMESTAMP,YES,,,,,,
qx_ppmtx_pn_inventory_detail,STREAMING_TABLE,Silver inventory detail - validated part inventory records with cost and condition tracking,installed_hour,17,DECIMAL,YES,,,,,,
qx_ppmtx_pn_inventory_detail,STREAMING_TABLE,Silver inventory detail - validated part inventory records with cost and condition tracking,installed_minute,18,DECIMAL,YES,,,,,,
qx_ppmtx_pn_inventory_detail,STREAMING_TABLE,Silver inventory detail - validated part inventory records with cost and condition tracking,location,19,STRING,YES,,,,,,
qx_ppmtx_pn_inventory_detail,STREAMING_TABLE,Silver inventory detail - validated part inventory records with cost and condition tracking,bin,20,STRING,YES,,,,,,
qx_ppmtx_pn_inventory_detail,STREAMING_TABLE,Silver inventory detail - validated part inventory records with cost and condition tracking,qty_available,21,DECIMAL,YES,,,,,,
qx_ppmtx_pn_inventory_detail,STREAMING_TABLE,Silver inventory detail - validated part inventory records with cost and condition tracking,qty_reserved,22,DECIMAL,YES,,,,,,
qx_ppmtx_pn_inventory_detail,STREAMING_TABLE,Silver inventory detail - validated part inventory records with cost and condition tracking,qty_in_transfer,23,DECIMAL,YES,,,,,,
qx_ppmtx_pn_inventory_detail,STREAMING_TABLE,Silver inventory detail - validated part inventory records with cost and condition tracking,qty_pending_ri,24,DECIMAL,YES,,,,,,
qx_ppmtx_pn_inventory_detail,STREAMING_TABLE,Silver inventory detail - validated part inventory records with cost and condition tracking,qty_us,25,DECIMAL,YES,,,,,,
qx_ppmtx_pn_inventory_detail,STREAMING_TABLE,Silver inventory detail - validated part inventory records with cost and condition tracking,qty_in_repair,26,DECIMAL,YES,,,,,,
qx_ppmtx_pn_inventory_detail,STREAMING_TABLE,Silver inventory detail - validated part inventory records with cost and condition tracking,ri_control,27,STRING,YES,,,,,,
qx_ppmtx_pn_inventory_detail,STREAMING_TABLE,Silver inventory detail - validated part inventory records with cost and condition tracking,us_code,28,STRING,YES,,,,,,
qx_ppmtx_pn_inventory_detail,STREAMING_TABLE,Silver inventory detail - validated part inventory records with cost and condition tracking,shelf_life_expiration,29,TIMESTAMP,YES,,,,,,
qx_ppmtx_pn_inventory_detail,STREAMING_TABLE,Silver inventory detail - validated part inventory records with cost and condition tracking,tool_life_expiration,30,TIMESTAMP,YES,,,,,,
qx_ppmtx_pn_inventory_detail,STREAMING_TABLE,Silver inventory detail - validated part inventory records with cost and condition tracking,loan_category,31,STRING,YES,,,,,,
qx_ppmtx_pn_inventory_detail,STREAMING_TABLE,Silver inventory detail - validated part inventory records with cost and condition tracking,cutom_duty_code,32,STRING,YES,,,,,,
qx_ppmtx_pn_inventory_detail,STREAMING_TABLE,Silver inventory detail - validated part inventory records with cost and condition tracking,gl_company,33,STRING,YES,,,,,,
qx_ppmtx_pn_inventory_detail,STREAMING_TABLE,Silver inventory detail - validated part inventory records with cost and condition tracking,gl_expenditure,34,STRING,YES,,,,,,
qx_ppmtx_pn_inventory_detail,STREAMING_TABLE,Silver inventory detail - validated part inventory records with cost and condition tracking,gl,35,STRING,YES,,,,,,
qx_ppmtx_pn_inventory_detail,STREAMING_TABLE,Silver inventory detail - validated part inventory records with cost and condition tracking,gl_cost_center,36,STRING,YES,,,,,,
qx_ppmtx_pn_inventory_detail,STREAMING_TABLE,Silver inventory detail - validated part inventory records with cost and condition tracking,notes,37,DECIMAL,YES,,,,,,
qx_ppmtx_pn_inventory_detail,STREAMING_TABLE,Silver inventory detail - validated part inventory records with cost and condition tracking,created_by,38,STRING,YES,,,,,,
qx_ppmtx_pn_inventory_detail,STREAMING_TABLE,Silver inventory detail - validated part inventory records with cost and condition tracking,created_date,39,TIMESTAMP,YES,,,,,,
qx_ppmtx_pn_inventory_detail,STREAMING_TABLE,Silver inventory detail - validated part inventory records with cost and condition tracking,modified_by,40,STRING,YES,,,,,,
qx_ppmtx_pn_inventory_detail,STREAMING_TABLE,Silver inventory detail - validated part inventory records with cost and condition tracking,modified_date,41,TIMESTAMP,YES,,,,,,
qx_ppmtx_pn_inventory_detail,STREAMING_TABLE,Silver inventory detail - validated part inventory records with cost and condition tracking,physical_count_date,42,TIMESTAMP,YES,,,,,,
qx_ppmtx_pn_inventory_detail,STREAMING_TABLE,Silver inventory detail - validated part inventory records with cost and condition tracking,kit_no,43,DECIMAL,YES,,,,,,
qx_ppmtx_pn_inventory_detail,STREAMING_TABLE,Silver inventory detail - validated part inventory records with cost and condition tracking,currency_exchange_rate,44,DECIMAL,YES,,,,,,
qx_ppmtx_pn_inventory_detail,STREAMING_TABLE,Silver inventory detail - validated part inventory records with cost and condition tracking,qty_in_rental,45,DECIMAL,YES,,,,,,
qx_ppmtx_pn_inventory_detail,STREAMING_TABLE,Silver inventory detail - validated part inventory records with cost and condition tracking,secondary_cost,46,DECIMAL,YES,,,,,,
qx_ppmtx_pn_inventory_detail,STREAMING_TABLE,Silver inventory detail - validated part inventory records with cost and condition tracking,secondary_currency_exchange,47,DECIMAL,YES,,,,,,
qx_ppmtx_pn_inventory_detail,STREAMING_TABLE,Silver inventory detail - validated part inventory records with cost and condition tracking,blob_no,48,DECIMAL,YES,,,,,,
qx_ppmtx_pn_inventory_detail,STREAMING_TABLE,Silver inventory detail - validated part inventory records with cost and condition tracking,original_ac,49,STRING,YES,,,,,,
qx_ppmtx_pn_inventory_detail,STREAMING_TABLE,Silver inventory detail - validated part inventory records with cost and condition tracking,mod_status,50,STRING,YES,,,,,,
qx_ppmtx_pn_inventory_detail,STREAMING_TABLE,Silver inventory detail - validated part inventory records with cost and condition tracking,custom_duty_document,51,STRING,YES,,,,,,
qx_ppmtx_pn_inventory_detail,STREAMING_TABLE,Silver inventory detail - validated part inventory records with cost and condition tracking,pending,52,STRING,YES,,,,,,
qx_ppmtx_pn_inventory_detail,STREAMING_TABLE,Silver inventory detail - validated part inventory records with cost and condition tracking,pending_date,53,TIMESTAMP,YES,,,,,,
qx_ppmtx_pn_inventory_detail,STREAMING_TABLE,Silver inventory detail - validated part inventory records with cost and condition tracking,approved_certificate_original,54,STRING,YES,,,,,,
qx_ppmtx_pn_inventory_detail,STREAMING_TABLE,Silver inventory detail - validated part inventory records with cost and condition tracking,sos_date,55,TIMESTAMP,YES,,,,,,
qx_ppmtx_pn_inventory_detail,STREAMING_TABLE,Silver inventory detail - validated part inventory records with cost and condition tracking,sos_hour,56,DECIMAL,YES,,,,,,
qx_ppmtx_pn_inventory_detail,STREAMING_TABLE,Silver inventory detail - validated part inventory records with cost and condition tracking,sos_minute,57,DECIMAL,YES,,,,,,
qx_ppmtx_pn_inventory_detail,STREAMING_TABLE,Silver inventory detail - validated part inventory records with cost and condition tracking,tag_by,58,STRING,YES,,,,,,
qx_ppmtx_pn_inventory_detail,STREAMING_TABLE,Silver inventory detail - validated part inventory records with cost and condition tracking,tag_date,59,TIMESTAMP,YES,,,,,,
qx_ppmtx_pn_inventory_detail,STREAMING_TABLE,Silver inventory detail - validated part inventory records with cost and condition tracking,tag_no,60,STRING,YES,,,,,,
qx_ppmtx_pn_inventory_detail,STREAMING_TABLE,Silver inventory detail - validated part inventory records with cost and condition tracking,original_records_by,61,STRING,YES,,,,,,
qx_ppmtx_pn_inventory_detail,STREAMING_TABLE,Silver inventory detail - validated part inventory records with cost and condition tracking,orginal_records_date,62,TIMESTAMP,YES,,,,,,
qx_ppmtx_pn_inventory_detail,STREAMING_TABLE,Silver inventory detail - validated part inventory records with cost and condition tracking,accounting_document,63,STRING,YES,,,,,,
qx_ppmtx_pn_inventory_detail,STREAMING_TABLE,Silver inventory detail - validated part inventory records with cost and condition tracking,accounting_document_date,64,TIMESTAMP,YES,,,,,,
qx_ppmtx_pn_inventory_detail,STREAMING_TABLE,Silver inventory detail - validated part inventory records with cost and condition tracking,pn_model,65,STRING,YES,,,,,,
qx_ppmtx_pn_inventory_detail,STREAMING_TABLE,Silver inventory detail - validated part inventory records with cost and condition tracking,pn_software,66,STRING,YES,,,,,,
qx_ppmtx_pn_inventory_detail,STREAMING_TABLE,Silver inventory detail - validated part inventory records with cost and condition tracking,filing_sequence,67,DECIMAL,YES,,,,,,
qx_ppmtx_pn_inventory_detail,STREAMING_TABLE,Silver inventory detail - validated part inventory records with cost and condition tracking,no_of_tag_print,68,DECIMAL,YES,,,,,,
qx_ppmtx_pn_inventory_detail,STREAMING_TABLE,Silver inventory detail - validated part inventory records with cost and condition tracking,owner_origin,69,STRING,YES,,,,,,
qx_ppmtx_pn_inventory_detail,STREAMING_TABLE,Silver inventory detail - validated part inventory records with cost and condition tracking,nla_position,70,STRING,YES,,,,,,
qx_ppmtx_pn_inventory_detail,STREAMING_TABLE,Silver inventory detail - validated part inventory records with cost and condition tracking,initial_tsi_hours,71,DECIMAL,YES,,,,,,
qx_ppmtx_pn_inventory_detail,STREAMING_TABLE,Silver inventory detail - validated part inventory records with cost and condition tracking,initial_tsi_minutes,72,DECIMAL,YES,,,,,,
qx_ppmtx_pn_inventory_detail,STREAMING_TABLE,Silver inventory detail - validated part inventory records with cost and condition tracking,initial_tsi_cycles,73,DECIMAL,YES,,,,,,
qx_ppmtx_pn_inventory_detail,STREAMING_TABLE,Silver inventory detail - validated part inventory records with cost and condition tracking,initial_tsi_days,74,DECIMAL,YES,,,,,,
qx_ppmtx_pn_inventory_detail,STREAMING_TABLE,Silver inventory detail - validated part inventory records with cost and condition tracking,tool_life_expiration_last,75,TIMESTAMP,YES,,,,,,
qx_ppmtx_pn_inventory_detail,STREAMING_TABLE,Silver inventory detail - validated part inventory records with cost and condition tracking,inventory_type,76,STRING,YES,,,,,,
qx_ppmtx_pn_inventory_detail,STREAMING_TABLE,Silver inventory detail - validated part inventory records with cost and condition tracking,document_no,77,DECIMAL,YES,,,,,,
qx_ppmtx_pn_inventory_detail,STREAMING_TABLE,Silver inventory detail - validated part inventory records with cost and condition tracking,shelf_life_expiration_last,78,TIMESTAMP,YES,,,,,,
qx_ppmtx_pn_inventory_detail,STREAMING_TABLE,Silver inventory detail - validated part inventory records with cost and condition tracking,slot,79,DECIMAL,YES,,,,,,
qx_ppmtx_pn_inventory_detail,STREAMING_TABLE,Silver inventory detail - validated part inventory records with cost and condition tracking,cost_in_kit,80,STRING,YES,,,,,,
qx_ppmtx_pn_inventory_detail,STREAMING_TABLE,Silver inventory detail - validated part inventory records with cost and condition tracking,repair_return_date,81,TIMESTAMP,YES,,,,,,
qx_ppmtx_pn_inventory_detail,STREAMING_TABLE,Silver inventory detail - validated part inventory records with cost and condition tracking,hazardous_material_at_removal,82,STRING,YES,,,,,,
qx_ppmtx_pn_inventory_detail,STREAMING_TABLE,Silver inventory detail - validated part inventory records with cost and condition tracking,weight,83,DECIMAL,YES,,,,,,
qx_ppmtx_pn_inventory_detail,STREAMING_TABLE,Silver inventory detail - validated part inventory records with cost and condition tracking,weight_unit,84,STRING,YES,,,,,,
qx_ppmtx_pn_inventory_detail,STREAMING_TABLE,Silver inventory detail - validated part inventory records with cost and condition tracking,managed_wo,85,DECIMAL,YES,,,,,,
qx_ppmtx_pn_inventory_detail,STREAMING_TABLE,Silver inventory detail - validated part inventory records with cost and condition tracking,physical_count_by,86,STRING,YES,,,,,,
qx_ppmtx_pn_inventory_detail,STREAMING_TABLE,Silver inventory detail - validated part inventory records with cost and condition tracking,original_ac_issue_to_only,87,STRING,YES,,,,,,
qx_ppmtx_pn_inventory_detail,STREAMING_TABLE,Silver inventory detail - validated part inventory records with cost and condition tracking,shelf_life_exp_eom,88,TIMESTAMP,YES,,,,,,
qx_ppmtx_pn_inventory_detail,STREAMING_TABLE,Silver inventory detail - validated part inventory records with cost and condition tracking,tool_life_exp_eom,89,TIMESTAMP,YES,,,,,,
qx_ppmtx_pn_inventory_detail,STREAMING_TABLE,Silver inventory detail - validated part inventory records with cost and condition tracking,ro_following_id_sn,90,DECIMAL,YES,,,,,,
qx_ppmtx_pn_inventory_detail,STREAMING_TABLE,Silver inventory detail - validated part inventory records with cost and condition tracking,legacy_batch,91,STRING,YES,,,,,,
qx_ppmtx_pn_inventory_detail,STREAMING_TABLE,Silver inventory detail - validated part inventory records with cost and condition tracking,physical_count_by_prev,92,STRING,YES,,,,,,
qx_ppmtx_pn_inventory_detail,STREAMING_TABLE,Silver inventory detail - validated part inventory records with cost and condition tracking,physical_count_date_prev,93,TIMESTAMP,YES,,,,,,
qx_ppmtx_pn_inventory_detail,STREAMING_TABLE,Silver inventory detail - validated part inventory records with cost and condition tracking,adjustment_code,94,STRING,YES,,,,,,
qx_ppmtx_pn_inventory_detail,STREAMING_TABLE,Silver inventory detail - validated part inventory records with cost and condition tracking,external_reference,95,STRING,YES,,,,,,
qx_ppmtx_pn_inventory_detail,STREAMING_TABLE,Silver inventory detail - validated part inventory records with cost and condition tracking,external_position,96,STRING,YES,,,,,,
qx_ppmtx_pn_inventory_detail,STREAMING_TABLE,Silver inventory detail - validated part inventory records with cost and condition tracking,tool_life_concession_days,97,DECIMAL,YES,,,,,,
qx_ppmtx_pn_inventory_detail,STREAMING_TABLE,Silver inventory detail - validated part inventory records with cost and condition tracking,automated_warehouse_memo,98,STRING,YES,,,,,,
qx_ppmtx_pn_inventory_detail,STREAMING_TABLE,Silver inventory detail - validated part inventory records with cost and condition tracking,date_binned,99,TIMESTAMP,YES,,,,,,
qx_ppmtx_pn_inventory_detail,STREAMING_TABLE,Silver inventory detail - validated part inventory records with cost and condition tracking,license_type,100,STRING,YES,,,,,,
qx_ppmtx_pn_inventory_detail,STREAMING_TABLE,Silver inventory detail - validated part inventory records with cost and condition tracking,qty_license,101,DECIMAL,YES,,,,,,
qx_ppmtx_pn_inventory_detail,STREAMING_TABLE,Silver inventory detail - validated part inventory records with cost and condition tracking,distributed_license,102,STRING,YES,,,,,,
qx_ppmtx_pn_inventory_detail,STREAMING_TABLE,Silver inventory detail - validated part inventory records with cost and condition tracking,pn_sw_config_trans,103,DECIMAL,YES,,,,,,
qx_ppmtx_pn_inventory_detail,STREAMING_TABLE,Silver inventory detail - validated part inventory records with cost and condition tracking,in_use,104,STRING,YES,,,,,,
qx_ppmtx_pn_inventory_detail,STREAMING_TABLE,Silver inventory detail - validated part inventory records with cost and condition tracking,in_use_by,105,STRING,YES,,,,,,
qx_ppmtx_pn_inventory_detail,STREAMING_TABLE,Silver inventory detail - validated part inventory records with cost and condition tracking,tool_calibration_no,106,STRING,YES,,,,,,
qx_ppmtx_pn_inventory_detail,STREAMING_TABLE,Silver inventory detail - validated part inventory records with cost and condition tracking,birth_date,107,TIMESTAMP,YES,,,,,,
qx_ppmtx_pn_inventory_detail,STREAMING_TABLE,Silver inventory detail - validated part inventory records with cost and condition tracking,approved_certificate_no,108,STRING,YES,,,,,,
qx_ppmtx_pn_inventory_detail,STREAMING_TABLE,Silver inventory detail - validated part inventory records with cost and condition tracking,missing,109,STRING,YES,,,,,,
qx_ppmtx_pn_inventory_detail,STREAMING_TABLE,Silver inventory detail - validated part inventory records with cost and condition tracking,scrap_code,110,STRING,YES,,,,,,
qx_ppmtx_pn_inventory_detail,STREAMING_TABLE,Silver inventory detail - validated part inventory records with cost and condition tracking,us_number,111,STRING,YES,,,,,,
qx_ppmtx_pn_inventory_detail,STREAMING_TABLE,Silver inventory detail - validated part inventory records with cost and condition tracking,box_packed_in_box,112,STRING,YES,,,,,,
qx_ppmtx_pn_inventory_detail,STREAMING_TABLE,Silver inventory detail - validated part inventory records with cost and condition tracking,box_packed_by,113,STRING,YES,,,,,,
qx_ppmtx_pn_inventory_detail,STREAMING_TABLE,Silver inventory detail - validated part inventory records with cost and condition tracking,box_packed_date,114,TIMESTAMP,YES,,,,,,
qx_ppmtx_pn_inventory_detail,STREAMING_TABLE,Silver inventory detail - validated part inventory records with cost and condition tracking,width,115,DECIMAL,YES,,,,,,
qx_ppmtx_pn_inventory_detail,STREAMING_TABLE,Silver inventory detail - validated part inventory records with cost and condition tracking,width_units,116,STRING,YES,,,,,,
qx_ppmtx_pn_inventory_detail,STREAMING_TABLE,Silver inventory detail - validated part inventory records with cost and condition tracking,height,117,DECIMAL,YES,,,,,,
qx_ppmtx_pn_inventory_detail,STREAMING_TABLE,Silver inventory detail - validated part inventory records with cost and condition tracking,height_units,118,STRING,YES,,,,,,
qx_ppmtx_pn_inventory_detail,STREAMING_TABLE,Silver inventory detail - validated part inventory records with cost and condition tracking,length,119,DECIMAL,YES,,,,,,
qx_ppmtx_pn_inventory_detail,STREAMING_TABLE,Silver inventory detail - validated part inventory records with cost and condition tracking,length_units,120,STRING,YES,,,,,,
qx_ppmtx_pn_inventory_detail,STREAMING_TABLE,Silver inventory detail - validated part inventory records with cost and condition tracking,qty_on_hold,121,DECIMAL,YES,,,,,,
qx_ppmtx_pn_inventory_detail,STREAMING_TABLE,Silver inventory detail - validated part inventory records with cost and condition tracking,form_no,122,DECIMAL,YES,,,,,,
qx_ppmtx_pn_inventory_detail,STREAMING_TABLE,Silver inventory detail - validated part inventory records with cost and condition tracking,rfid_epc,123,STRING,YES,,,,,,
qx_ppmtx_pn_inventory_detail,STREAMING_TABLE,Silver inventory detail - validated part inventory records with cost and condition tracking,um_radial,124,STRING,YES,,,,,,
qx_ppmtx_pn_inventory_detail,STREAMING_TABLE,Silver inventory detail - validated part inventory records with cost and condition tracking,um_tangential,125,STRING,YES,,,,,,
qx_ppmtx_pn_inventory_detail,STREAMING_TABLE,Silver inventory detail - validated part inventory records with cost and condition tracking,um_axial,126,STRING,YES,,,,,,
qx_ppmtx_pn_inventory_detail,STREAMING_TABLE,Silver inventory detail - validated part inventory records with cost and condition tracking,blade_radial_weight,127,DECIMAL,YES,,,,,,
qx_ppmtx_pn_inventory_detail,STREAMING_TABLE,Silver inventory detail - validated part inventory records with cost and condition tracking,blade_tangential_weight,128,DECIMAL,YES,,,,,,
qx_ppmtx_pn_inventory_detail,STREAMING_TABLE,Silver inventory detail - validated part inventory records with cost and condition tracking,blade_axial_weight,129,DECIMAL,YES,,,,,,
qx_ppmtx_pn_inventory_detail,STREAMING_TABLE,Silver inventory detail - validated part inventory records with cost and condition tracking,superior_equipment,130,STRING,YES,,,,,,
qx_ppmtx_pn_inventory_detail,STREAMING_TABLE,Silver inventory detail - validated part inventory records with cost and condition tracking,functional_location,131,STRING,YES,,,,,,
qx_ppmtx_pn_inventory_detail,STREAMING_TABLE,Silver inventory detail - validated part inventory records with cost and condition tracking,processed_timestamp,132,TIMESTAMP,YES,,,,,,
qx_ppmtx_pn_inventory_detail_quarantine,STREAMING_TABLE,Quarantined inventory detail records that failed critical DQ rules,batch,0,DECIMAL,YES,,,,,,
qx_ppmtx_pn_inventory_detail_quarantine,STREAMING_TABLE,Quarantined inventory detail records that failed critical DQ rules,goods_rcvd_batch,1,DECIMAL,YES,,,,,,
qx_ppmtx_pn_inventory_detail_quarantine,STREAMING_TABLE,Quarantined inventory detail records that failed critical DQ rules,vendor_lot,2,STRING,YES,,,,,,
qx_ppmtx_pn_inventory_detail_quarantine,STREAMING_TABLE,Quarantined inventory detail records that failed critical DQ rules,pn,3,STRING,YES,,,,,,
qx_ppmtx_pn_inventory_detail_quarantine,STREAMING_TABLE,Quarantined inventory detail records that failed critical DQ rules,sn,4,STRING,YES,,,,,,
qx_ppmtx_pn_inventory_detail_quarantine,STREAMING_TABLE,Quarantined inventory detail records that failed critical DQ rules,nha_pn,5,STRING,YES,,,,,,
qx_ppmtx_pn_inventory_detail_quarantine,STREAMING_TABLE,Quarantined inventory detail records that failed critical DQ rules,nha_sn,6,STRING,YES,,,,,,
qx_ppmtx_pn_inventory_detail_quarantine,STREAMING_TABLE,Quarantined inventory detail records that failed critical DQ rules,condition,7,STRING,YES,,,,,,
qx_ppmtx_pn_inventory_detail_quarantine,STREAMING_TABLE,Quarantined inventory detail records that failed critical DQ rules,owner,8,STRING,YES,,,,,,
qx_ppmtx_pn_inventory_detail_quarantine,STREAMING_TABLE,Quarantined inventory detail records that failed critical DQ rules,unit_cost,9,DECIMAL,YES,,,,,,
qx_ppmtx_pn_inventory_detail_quarantine,STREAMING_TABLE,Quarantined inventory detail records that failed critical DQ rules,currency,10,STRING,YES,,,,,,
qx_ppmtx_pn_inventory_detail_quarantine,STREAMING_TABLE,Quarantined inventory detail records that failed critical DQ rules,approved_certificate,11,STRING,YES,,,,,,
qx_ppmtx_pn_inventory_detail_quarantine,STREAMING_TABLE,Quarantined inventory detail records that failed critical DQ rules,ri_by,12,STRING,YES,,,,,,
qx_ppmtx_pn_inventory_detail_quarantine,STREAMING_TABLE,Quarantined inventory detail records that failed critical DQ rules,ri_date,13,TIMESTAMP,YES,,,,,,
qx_ppmtx_pn_inventory_detail_quarantine,STREAMING_TABLE,Quarantined inventory detail records that failed critical DQ rules,installed_ac,14,STRING,YES,,,,,,
qx_ppmtx_pn_inventory_detail_quarantine,STREAMING_TABLE,Quarantined inventory detail records that failed critical DQ rules,installed_position,15,STRING,YES,,,,,,
qx_ppmtx_pn_inventory_detail_quarantine,STREAMING_TABLE,Quarantined inventory detail records that failed critical DQ rules,installed_date,16,TIMESTAMP,YES,,,,,,
qx_ppmtx_pn_inventory_detail_quarantine,STREAMING_TABLE,Quarantined inventory detail records that failed critical DQ rules,installed_hour,17,DECIMAL,YES,,,,,,
qx_ppmtx_pn_inventory_detail_quarantine,STREAMING_TABLE,Quarantined inventory detail records that failed critical DQ rules,installed_minute,18,DECIMAL,YES,,,,,,
qx_ppmtx_pn_inventory_detail_quarantine,STREAMING_TABLE,Quarantined inventory detail records that failed critical DQ rules,location,19,STRING,YES,,,,,,
qx_ppmtx_pn_inventory_detail_quarantine,STREAMING_TABLE,Quarantined inventory detail records that failed critical DQ rules,bin,20,STRING,YES,,,,,,
qx_ppmtx_pn_inventory_detail_quarantine,STREAMING_TABLE,Quarantined inventory detail records that failed critical DQ rules,qty_available,21,DECIMAL,YES,,,,,,
qx_ppmtx_pn_inventory_detail_quarantine,STREAMING_TABLE,Quarantined inventory detail records that failed critical DQ rules,qty_reserved,22,DECIMAL,YES,,,,,,
qx_ppmtx_pn_inventory_detail_quarantine,STREAMING_TABLE,Quarantined inventory detail records that failed critical DQ rules,qty_in_transfer,23,DECIMAL,YES,,,,,,
qx_ppmtx_pn_inventory_detail_quarantine,STREAMING_TABLE,Quarantined inventory detail records that failed critical DQ rules,qty_pending_ri,24,DECIMAL,YES,,,,,,
qx_ppmtx_pn_inventory_detail_quarantine,STREAMING_TABLE,Quarantined inventory detail records that failed critical DQ rules,qty_us,25,DECIMAL,YES,,,,,,
qx_ppmtx_pn_inventory_detail_quarantine,STREAMING_TABLE,Quarantined inventory detail records that failed critical DQ rules,qty_in_repair,26,DECIMAL,YES,,,,,,
qx_ppmtx_pn_inventory_detail_quarantine,STREAMING_TABLE,Quarantined inventory detail records that failed critical DQ rules,ri_control,27,STRING,YES,,,,,,
qx_ppmtx_pn_inventory_detail_quarantine,STREAMING_TABLE,Quarantined inventory detail records that failed critical DQ rules,us_code,28,STRING,YES,,,,,,
qx_ppmtx_pn_inventory_detail_quarantine,STREAMING_TABLE,Quarantined inventory detail records that failed critical DQ rules,shelf_life_expiration,29,TIMESTAMP,YES,,,,,,
qx_ppmtx_pn_inventory_detail_quarantine,STREAMING_TABLE,Quarantined inventory detail records that failed critical DQ rules,tool_life_expiration,30,TIMESTAMP,YES,,,,,,
qx_ppmtx_pn_inventory_detail_quarantine,STREAMING_TABLE,Quarantined inventory detail records that failed critical DQ rules,loan_category,31,STRING,YES,,,,,,
qx_ppmtx_pn_inventory_detail_quarantine,STREAMING_TABLE,Quarantined inventory detail records that failed critical DQ rules,cutom_duty_code,32,STRING,YES,,,,,,
qx_ppmtx_pn_inventory_detail_quarantine,STREAMING_TABLE,Quarantined inventory detail records that failed critical DQ rules,gl_company,33,STRING,YES,,,,,,
qx_ppmtx_pn_inventory_detail_quarantine,STREAMING_TABLE,Quarantined inventory detail records that failed critical DQ rules,gl_expenditure,34,STRING,YES,,,,,,
qx_ppmtx_pn_inventory_detail_quarantine,STREAMING_TABLE,Quarantined inventory detail records that failed critical DQ rules,gl,35,STRING,YES,,,,,,
qx_ppmtx_pn_inventory_detail_quarantine,STREAMING_TABLE,Quarantined inventory detail records that failed critical DQ rules,gl_cost_center,36,STRING,YES,,,,,,
qx_ppmtx_pn_inventory_detail_quarantine,STREAMING_TABLE,Quarantined inventory detail records that failed critical DQ rules,notes,37,DECIMAL,YES,,,,,,
qx_ppmtx_pn_inventory_detail_quarantine,STREAMING_TABLE,Quarantined inventory detail records that failed critical DQ rules,created_by,38,STRING,YES,,,,,,
qx_ppmtx_pn_inventory_detail_quarantine,STREAMING_TABLE,Quarantined inventory detail records that failed critical DQ rules,created_date,39,TIMESTAMP,YES,,,,,,
qx_ppmtx_pn_inventory_detail_quarantine,STREAMING_TABLE,Quarantined inventory detail records that failed critical DQ rules,modified_by,40,STRING,YES,,,,,,
qx_ppmtx_pn_inventory_detail_quarantine,STREAMING_TABLE,Quarantined inventory detail records that failed critical DQ rules,modified_date,41,TIMESTAMP,YES,,,,,,
qx_ppmtx_pn_inventory_detail_quarantine,STREAMING_TABLE,Quarantined inventory detail records that failed critical DQ rules,physical_count_date,42,TIMESTAMP,YES,,,,,,
qx_ppmtx_pn_inventory_detail_quarantine,STREAMING_TABLE,Quarantined inventory detail records that failed critical DQ rules,kit_no,43,DECIMAL,YES,,,,,,
qx_ppmtx_pn_inventory_detail_quarantine,STREAMING_TABLE,Quarantined inventory detail records that failed critical DQ rules,currency_exchange_rate,44,DECIMAL,YES,,,,,,
qx_ppmtx_pn_inventory_detail_quarantine,STREAMING_TABLE,Quarantined inventory detail records that failed critical DQ rules,qty_in_rental,45,DECIMAL,YES,,,,,,
qx_ppmtx_pn_inventory_detail_quarantine,STREAMING_TABLE,Quarantined inventory detail records that failed critical DQ rules,secondary_cost,46,DECIMAL,YES,,,,,,
qx_ppmtx_pn_inventory_detail_quarantine,STREAMING_TABLE,Quarantined inventory detail records that failed critical DQ rules,secondary_currency_exchange,47,DECIMAL,YES,,,,,,
qx_ppmtx_pn_inventory_detail_quarantine,STREAMING_TABLE,Quarantined inventory detail records that failed critical DQ rules,blob_no,48,DECIMAL,YES,,,,,,
qx_ppmtx_pn_inventory_detail_quarantine,STREAMING_TABLE,Quarantined inventory detail records that failed critical DQ rules,original_ac,49,STRING,YES,,,,,,
qx_ppmtx_pn_inventory_detail_quarantine,STREAMING_TABLE,Quarantined inventory detail records that failed critical DQ rules,mod_status,50,STRING,YES,,,,,,
qx_ppmtx_pn_inventory_detail_quarantine,STREAMING_TABLE,Quarantined inventory detail records that failed critical DQ rules,custom_duty_document,51,STRING,YES,,,,,,
qx_ppmtx_pn_inventory_detail_quarantine,STREAMING_TABLE,Quarantined inventory detail records that failed critical DQ rules,pending,52,STRING,YES,,,,,,
qx_ppmtx_pn_inventory_detail_quarantine,STREAMING_TABLE,Quarantined inventory detail records that failed critical DQ rules,pending_date,53,TIMESTAMP,YES,,,,,,
qx_ppmtx_pn_inventory_detail_quarantine,STREAMING_TABLE,Quarantined inventory detail records that failed critical DQ rules,approved_certificate_original,54,STRING,YES,,,,,,
qx_ppmtx_pn_inventory_detail_quarantine,STREAMING_TABLE,Quarantined inventory detail records that failed critical DQ rules,sos_date,55,TIMESTAMP,YES,,,,,,
qx_ppmtx_pn_inventory_detail_quarantine,STREAMING_TABLE,Quarantined inventory detail records that failed critical DQ rules,sos_hour,56,DECIMAL,YES,,,,,,
qx_ppmtx_pn_inventory_detail_quarantine,STREAMING_TABLE,Quarantined inventory detail records that failed critical DQ rules,sos_minute,57,DECIMAL,YES,,,,,,
qx_ppmtx_pn_inventory_detail_quarantine,STREAMING_TABLE,Quarantined inventory detail records that failed critical DQ rules,tag_by,58,STRING,YES,,,,,,
qx_ppmtx_pn_inventory_detail_quarantine,STREAMING_TABLE,Quarantined inventory detail records that failed critical DQ rules,tag_date,59,TIMESTAMP,YES,,,,,,
qx_ppmtx_pn_inventory_detail_quarantine,STREAMING_TABLE,Quarantined inventory detail records that failed critical DQ rules,tag_no,60,STRING,YES,,,,,,
qx_ppmtx_pn_inventory_detail_quarantine,STREAMING_TABLE,Quarantined inventory detail records that failed critical DQ rules,original_records_by,61,STRING,YES,,,,,,
qx_ppmtx_pn_inventory_detail_quarantine,STREAMING_TABLE,Quarantined inventory detail records that failed critical DQ rules,orginal_records_date,62,TIMESTAMP,YES,,,,,,
qx_ppmtx_pn_inventory_detail_quarantine,STREAMING_TABLE,Quarantined inventory detail records that failed critical DQ rules,accounting_document,63,STRING,YES,,,,,,
qx_ppmtx_pn_inventory_detail_quarantine,STREAMING_TABLE,Quarantined inventory detail records that failed critical DQ rules,accounting_document_date,64,TIMESTAMP,YES,,,,,,
qx_ppmtx_pn_inventory_detail_quarantine,STREAMING_TABLE,Quarantined inventory detail records that failed critical DQ rules,pn_model,65,STRING,YES,,,,,,
qx_ppmtx_pn_inventory_detail_quarantine,STREAMING_TABLE,Quarantined inventory detail records that failed critical DQ rules,pn_software,66,STRING,YES,,,,,,
qx_ppmtx_pn_inventory_detail_quarantine,STREAMING_TABLE,Quarantined inventory detail records that failed critical DQ rules,filing_sequence,67,DECIMAL,YES,,,,,,
qx_ppmtx_pn_inventory_detail_quarantine,STREAMING_TABLE,Quarantined inventory detail records that failed critical DQ rules,no_of_tag_print,68,DECIMAL,YES,,,,,,
qx_ppmtx_pn_inventory_detail_quarantine,STREAMING_TABLE,Quarantined inventory detail records that failed critical DQ rules,owner_origin,69,STRING,YES,,,,,,
qx_ppmtx_pn_inventory_detail_quarantine,STREAMING_TABLE,Quarantined inventory detail records that failed critical DQ rules,nla_position,70,STRING,YES,,,,,,
qx_ppmtx_pn_inventory_detail_quarantine,STREAMING_TABLE,Quarantined inventory detail records that failed critical DQ rules,initial_tsi_hours,71,DECIMAL,YES,,,,,,
qx_ppmtx_pn_inventory_detail_quarantine,STREAMING_TABLE,Quarantined inventory detail records that failed critical DQ rules,initial_tsi_minutes,72,DECIMAL,YES,,,,,,
qx_ppmtx_pn_inventory_detail_quarantine,STREAMING_TABLE,Quarantined inventory detail records that failed critical DQ rules,initial_tsi_cycles,73,DECIMAL,YES,,,,,,
qx_ppmtx_pn_inventory_detail_quarantine,STREAMING_TABLE,Quarantined inventory detail records that failed critical DQ rules,initial_tsi_days,74,DECIMAL,YES,,,,,,
qx_ppmtx_pn_inventory_detail_quarantine,STREAMING_TABLE,Quarantined inventory detail records that failed critical DQ rules,tool_life_expiration_last,75,TIMESTAMP,YES,,,,,,
qx_ppmtx_pn_inventory_detail_quarantine,STREAMING_TABLE,Quarantined inventory detail records that failed critical DQ rules,inventory_type,76,STRING,YES,,,,,,
qx_ppmtx_pn_inventory_detail_quarantine,STREAMING_TABLE,Quarantined inventory detail records that failed critical DQ rules,document_no,77,DECIMAL,YES,,,,,,
qx_ppmtx_pn_inventory_detail_quarantine,STREAMING_TABLE,Quarantined inventory detail records that failed critical DQ rules,shelf_life_expiration_last,78,TIMESTAMP,YES,,,,,,
qx_ppmtx_pn_inventory_detail_quarantine,STREAMING_TABLE,Quarantined inventory detail records that failed critical DQ rules,slot,79,DECIMAL,YES,,,,,,
qx_ppmtx_pn_inventory_detail_quarantine,STREAMING_TABLE,Quarantined inventory detail records that failed critical DQ rules,cost_in_kit,80,STRING,YES,,,,,,
qx_ppmtx_pn_inventory_detail_quarantine,STREAMING_TABLE,Quarantined inventory detail records that failed critical DQ rules,repair_return_date,81,TIMESTAMP,YES,,,,,,
qx_ppmtx_pn_inventory_detail_quarantine,STREAMING_TABLE,Quarantined inventory detail records that failed critical DQ rules,hazardous_material_at_removal,82,STRING,YES,,,,,,
qx_ppmtx_pn_inventory_detail_quarantine,STREAMING_TABLE,Quarantined inventory detail records that failed critical DQ rules,weight,83,DECIMAL,YES,,,,,,
qx_ppmtx_pn_inventory_detail_quarantine,STREAMING_TABLE,Quarantined inventory detail records that failed critical DQ rules,weight_unit,84,STRING,YES,,,,,,
qx_ppmtx_pn_inventory_detail_quarantine,STREAMING_TABLE,Quarantined inventory detail records that failed critical DQ rules,managed_wo,85,DECIMAL,YES,,,,,,
qx_ppmtx_pn_inventory_detail_quarantine,STREAMING_TABLE,Quarantined inventory detail records that failed critical DQ rules,physical_count_by,86,STRING,YES,,,,,,
qx_ppmtx_pn_inventory_detail_quarantine,STREAMING_TABLE,Quarantined inventory detail records that failed critical DQ rules,original_ac_issue_to_only,87,STRING,YES,,,,,,
qx_ppmtx_pn_inventory_detail_quarantine,STREAMING_TABLE,Quarantined inventory detail records that failed critical DQ rules,shelf_life_exp_eom,88,TIMESTAMP,YES,,,,,,
qx_ppmtx_pn_inventory_detail_quarantine,STREAMING_TABLE,Quarantined inventory detail records that failed critical DQ rules,tool_life_exp_eom,89,TIMESTAMP,YES,,,,,,
qx_ppmtx_pn_inventory_detail_quarantine,STREAMING_TABLE,Quarantined inventory detail records that failed critical DQ rules,ro_following_id_sn,90,DECIMAL,YES,,,,,,
qx_ppmtx_pn_inventory_detail_quarantine,STREAMING_TABLE,Quarantined inventory detail records that failed critical DQ rules,legacy_batch,91,STRING,YES,,,,,,
qx_ppmtx_pn_inventory_detail_quarantine,STREAMING_TABLE,Quarantined inventory detail records that failed critical DQ rules,physical_count_by_prev,92,STRING,YES,,,,,,
qx_ppmtx_pn_inventory_detail_quarantine,STREAMING_TABLE,Quarantined inventory detail records that failed critical DQ rules,physical_count_date_prev,93,TIMESTAMP,YES,,,,,,
qx_ppmtx_pn_inventory_detail_quarantine,STREAMING_TABLE,Quarantined inventory detail records that failed critical DQ rules,adjustment_code,94,STRING,YES,,,,,,
qx_ppmtx_pn_inventory_detail_quarantine,STREAMING_TABLE,Quarantined inventory detail records that failed critical DQ rules,external_reference,95,STRING,YES,,,,,,
qx_ppmtx_pn_inventory_detail_quarantine,STREAMING_TABLE,Quarantined inventory detail records that failed critical DQ rules,external_position,96,STRING,YES,,,,,,
qx_ppmtx_pn_inventory_detail_quarantine,STREAMING_TABLE,Quarantined inventory detail records that failed critical DQ rules,tool_life_concession_days,97,DECIMAL,YES,,,,,,
qx_ppmtx_pn_inventory_detail_quarantine,STREAMING_TABLE,Quarantined inventory detail records that failed critical DQ rules,automated_warehouse_memo,98,STRING,YES,,,,,,
qx_ppmtx_pn_inventory_detail_quarantine,STREAMING_TABLE,Quarantined inventory detail records that failed critical DQ rules,date_binned,99,TIMESTAMP,YES,,,,,,
qx_ppmtx_pn_inventory_detail_quarantine,STREAMING_TABLE,Quarantined inventory detail records that failed critical DQ rules,license_type,100,STRING,YES,,,,,,
qx_ppmtx_pn_inventory_detail_quarantine,STREAMING_TABLE,Quarantined inventory detail records that failed critical DQ rules,qty_license,101,DECIMAL,YES,,,,,,
qx_ppmtx_pn_inventory_detail_quarantine,STREAMING_TABLE,Quarantined inventory detail records that failed critical DQ rules,distributed_license,102,STRING,YES,,,,,,
qx_ppmtx_pn_inventory_detail_quarantine,STREAMING_TABLE,Quarantined inventory detail records that failed critical DQ rules,pn_sw_config_trans,103,DECIMAL,YES,,,,,,
qx_ppmtx_pn_inventory_detail_quarantine,STREAMING_TABLE,Quarantined inventory detail records that failed critical DQ rules,in_use,104,STRING,YES,,,,,,
qx_ppmtx_pn_inventory_detail_quarantine,STREAMING_TABLE,Quarantined inventory detail records that failed critical DQ rules,in_use_by,105,STRING,YES,,,,,,
qx_ppmtx_pn_inventory_detail_quarantine,STREAMING_TABLE,Quarantined inventory detail records that failed critical DQ rules,tool_calibration_no,106,STRING,YES,,,,,,
qx_ppmtx_pn_inventory_detail_quarantine,STREAMING_TABLE,Quarantined inventory detail records that failed critical DQ rules,birth_date,107,TIMESTAMP,YES,,,,,,
qx_ppmtx_pn_inventory_detail_quarantine,STREAMING_TABLE,Quarantined inventory detail records that failed critical DQ rules,approved_certificate_no,108,STRING,YES,,,,,,
qx_ppmtx_pn_inventory_detail_quarantine,STREAMING_TABLE,Quarantined inventory detail records that failed critical DQ rules,missing,109,STRING,YES,,,,,,
qx_ppmtx_pn_inventory_detail_quarantine,STREAMING_TABLE,Quarantined inventory detail records that failed critical DQ rules,scrap_code,110,STRING,YES,,,,,,
qx_ppmtx_pn_inventory_detail_quarantine,STREAMING_TABLE,Quarantined inventory detail records that failed critical DQ rules,us_number,111,STRING,YES,,,,,,
qx_ppmtx_pn_inventory_detail_quarantine,STREAMING_TABLE,Quarantined inventory detail records that failed critical DQ rules,box_packed_in_box,112,STRING,YES,,,,,,
qx_ppmtx_pn_inventory_detail_quarantine,STREAMING_TABLE,Quarantined inventory detail records that failed critical DQ rules,box_packed_by,113,STRING,YES,,,,,,
qx_ppmtx_pn_inventory_detail_quarantine,STREAMING_TABLE,Quarantined inventory detail records that failed critical DQ rules,box_packed_date,114,TIMESTAMP,YES,,,,,,
qx_ppmtx_pn_inventory_detail_quarantine,STREAMING_TABLE,Quarantined inventory detail records that failed critical DQ rules,width,115,DECIMAL,YES,,,,,,
qx_ppmtx_pn_inventory_detail_quarantine,STREAMING_TABLE,Quarantined inventory detail records that failed critical DQ rules,width_units,116,STRING,YES,,,,,,
qx_ppmtx_pn_inventory_detail_quarantine,STREAMING_TABLE,Quarantined inventory detail records that failed critical DQ rules,height,117,DECIMAL,YES,,,,,,
qx_ppmtx_pn_inventory_detail_quarantine,STREAMING_TABLE,Quarantined inventory detail records that failed critical DQ rules,height_units,118,STRING,YES,,,,,,
qx_ppmtx_pn_inventory_detail_quarantine,STREAMING_TABLE,Quarantined inventory detail records that failed critical DQ rules,length,119,DECIMAL,YES,,,,,,
qx_ppmtx_pn_inventory_detail_quarantine,STREAMING_TABLE,Quarantined inventory detail records that failed critical DQ rules,length_units,120,STRING,YES,,,,,,
qx_ppmtx_pn_inventory_detail_quarantine,STREAMING_TABLE,Quarantined inventory detail records that failed critical DQ rules,qty_on_hold,121,DECIMAL,YES,,,,,,
qx_ppmtx_pn_inventory_detail_quarantine,STREAMING_TABLE,Quarantined inventory detail records that failed critical DQ rules,form_no,122,DECIMAL,YES,,,,,,
qx_ppmtx_pn_inventory_detail_quarantine,STREAMING_TABLE,Quarantined inventory detail records that failed critical DQ rules,rfid_epc,123,STRING,YES,,,,,,
qx_ppmtx_pn_inventory_detail_quarantine,STREAMING_TABLE,Quarantined inventory detail records that failed critical DQ rules,um_radial,124,STRING,YES,,,,,,
qx_ppmtx_pn_inventory_detail_quarantine,STREAMING_TABLE,Quarantined inventory detail records that failed critical DQ rules,um_tangential,125,STRING,YES,,,,,,
qx_ppmtx_pn_inventory_detail_quarantine,STREAMING_TABLE,Quarantined inventory detail records that failed critical DQ rules,um_axial,126,STRING,YES,,,,,,
qx_ppmtx_pn_inventory_detail_quarantine,STREAMING_TABLE,Quarantined inventory detail records that failed critical DQ rules,blade_radial_weight,127,DECIMAL,YES,,,,,,
qx_ppmtx_pn_inventory_detail_quarantine,STREAMING_TABLE,Quarantined inventory detail records that failed critical DQ rules,blade_tangential_weight,128,DECIMAL,YES,,,,,,
qx_ppmtx_pn_inventory_detail_quarantine,STREAMING_TABLE,Quarantined inventory detail records that failed critical DQ rules,blade_axial_weight,129,DECIMAL,YES,,,,,,
qx_ppmtx_pn_inventory_detail_quarantine,STREAMING_TABLE,Quarantined inventory detail records that failed critical DQ rules,superior_equipment,130,STRING,YES,,,,,,
qx_ppmtx_pn_inventory_detail_quarantine,STREAMING_TABLE,Quarantined inventory detail records that failed critical DQ rules,functional_location,131,STRING,YES,,,,,,
qx_ppmtx_pn_inventory_detail_quarantine,STREAMING_TABLE,Quarantined inventory detail records that failed critical DQ rules,quarantine_timestamp,132,TIMESTAMP,YES,,,,,,
qx_ppmtx_pn_inventory_detail_quarantine,STREAMING_TABLE,Quarantined inventory detail records that failed critical DQ rules,quarantine_reason,133,STRING,YES,,,,,,
qx_ppmtx_pn_inventory_history,STREAMING_TABLE,Silver inventory history - validated inventory transaction records,transaction_no,0,DECIMAL,YES,,,,,,
qx_ppmtx_pn_inventory_history,STREAMING_TABLE,Silver inventory history - validated inventory transaction records,transaction_type,1,STRING,YES,,,,,,
qx_ppmtx_pn_inventory_history,STREAMING_TABLE,Silver inventory history - validated inventory transaction records,batch,2,DECIMAL,YES,,,,,,
qx_ppmtx_pn_inventory_history,STREAMING_TABLE,Silver inventory history - validated inventory transaction records,goods_rcvd_batch,3,DECIMAL,YES,,,,,,
qx_ppmtx_pn_inventory_history,STREAMING_TABLE,Silver inventory history - validated inventory transaction records,pn,4,STRING,YES,,,,,,
qx_ppmtx_pn_inventory_history,STREAMING_TABLE,Silver inventory history - validated inventory transaction records,sn,5,STRING,YES,,,,,,
qx_ppmtx_pn_inventory_history,STREAMING_TABLE,Silver inventory history - validated inventory transaction records,nla,6,STRING,YES,,,,,,
qx_ppmtx_pn_inventory_history,STREAMING_TABLE,Silver inventory history - validated inventory transaction records,nha_pn,7,STRING,YES,,,,,,
qx_ppmtx_pn_inventory_history,STREAMING_TABLE,Silver inventory history - validated inventory transaction records,nha_sn,8,STRING,YES,,,,,,
qx_ppmtx_pn_inventory_history,STREAMING_TABLE,Silver inventory history - validated inventory transaction records,qty,9,DECIMAL,YES,,,,,,
qx_ppmtx_pn_inventory_history,STREAMING_TABLE,Silver inventory history - validated inventory transaction records,order_type,10,STRING,YES,,,,,,
qx_ppmtx_pn_inventory_history,STREAMING_TABLE,Silver inventory history - validated inventory transaction records,order_no,11,DECIMAL,YES,,,,,,
qx_ppmtx_pn_inventory_history,STREAMING_TABLE,Silver inventory history - validated inventory transaction records,order_line,12,DECIMAL,YES,,,,,,
qx_ppmtx_pn_inventory_history,STREAMING_TABLE,Silver inventory history - validated inventory transaction records,location,13,STRING,YES,,,,,,
qx_ppmtx_pn_inventory_history,STREAMING_TABLE,Silver inventory history - validated inventory transaction records,control,14,STRING,YES,,,,,,
qx_ppmtx_pn_inventory_history,STREAMING_TABLE,Silver inventory history - validated inventory transaction records,bin,15,STRING,YES,,,,,,
qx_ppmtx_pn_inventory_history,STREAMING_TABLE,Silver inventory history - validated inventory transaction records,condition,16,STRING,YES,,,,,,
qx_ppmtx_pn_inventory_history,STREAMING_TABLE,Silver inventory history - validated inventory transaction records,wo,17,DECIMAL,YES,,,,,,
qx_ppmtx_pn_inventory_history,STREAMING_TABLE,Silver inventory history - validated inventory transaction records,task_card,18,STRING,YES,,,,,,
qx_ppmtx_pn_inventory_history,STREAMING_TABLE,Silver inventory history - validated inventory transaction records,ac,19,STRING,YES,,,,,,
qx_ppmtx_pn_inventory_history,STREAMING_TABLE,Silver inventory history - validated inventory transaction records,unit_cost,20,DECIMAL,YES,,,,,,
qx_ppmtx_pn_inventory_history,STREAMING_TABLE,Silver inventory history - validated inventory transaction records,currency,21,STRING,YES,,,,,,
qx_ppmtx_pn_inventory_history,STREAMING_TABLE,Silver inventory history - validated inventory transaction records,currency_exchange_rate,22,DECIMAL,YES,,,,,,
qx_ppmtx_pn_inventory_history,STREAMING_TABLE,Silver inventory history - validated inventory transaction records,vendor,23,STRING,YES,,,,,,
qx_ppmtx_pn_inventory_history,STREAMING_TABLE,Silver inventory history - validated inventory transaction records,qty_return_stock,24,DECIMAL,YES,,,,,,
qx_ppmtx_pn_inventory_history,STREAMING_TABLE,Silver inventory history - validated inventory transaction records,gl_company,25,STRING,YES,,,,,,
qx_ppmtx_pn_inventory_history,STREAMING_TABLE,Silver inventory history - validated inventory transaction records,gl_expenditure,26,STRING,YES,,,,,,
qx_ppmtx_pn_inventory_history,STREAMING_TABLE,Silver inventory history - validated inventory transaction records,gl,27,STRING,YES,,,,,,
qx_ppmtx_pn_inventory_history,STREAMING_TABLE,Silver inventory history - validated inventory transaction records,gl_cost_center,28,STRING,YES,,,,,,
qx_ppmtx_pn_inventory_history,STREAMING_TABLE,Silver inventory history - validated inventory transaction records,status,29,STRING,YES,,,,,,
qx_ppmtx_pn_inventory_history,STREAMING_TABLE,Silver inventory history - validated inventory transaction records,awb,30,STRING,YES,,,,,,
qx_ppmtx_pn_inventory_history,STREAMING_TABLE,Silver inventory history - validated inventory transaction records,ship_via,31,STRING,YES,,,,,,
qx_ppmtx_pn_inventory_history,STREAMING_TABLE,Silver inventory history - validated inventory transaction records,issued_to,32,STRING,YES,,,,,,
qx_ppmtx_pn_inventory_history,STREAMING_TABLE,Silver inventory history - validated inventory transaction records,notes,33,DECIMAL,YES,,,,,,
qx_ppmtx_pn_inventory_history,STREAMING_TABLE,Silver inventory history - validated inventory transaction records,created_by,34,STRING,YES,,,,,,
qx_ppmtx_pn_inventory_history,STREAMING_TABLE,Silver inventory history - validated inventory transaction records,created_date,35,TIMESTAMP,YES,,,,,,
qx_ppmtx_pn_inventory_history,STREAMING_TABLE,Silver inventory history - validated inventory transaction records,modified_by,36,STRING,YES,,,,,,
qx_ppmtx_pn_inventory_history,STREAMING_TABLE,Silver inventory history - validated inventory transaction records,modified_date,37,TIMESTAMP,YES,,,,,,
qx_ppmtx_pn_inventory_history,STREAMING_TABLE,Silver inventory history - validated inventory transaction records,to_location,38,STRING,YES,,,,,,
qx_ppmtx_pn_inventory_history,STREAMING_TABLE,Silver inventory history - validated inventory transaction records,to_bin,39,STRING,YES,,,,,,
qx_ppmtx_pn_inventory_history,STREAMING_TABLE,Silver inventory history - validated inventory transaction records,custom_duty_code,40,STRING,YES,,,,,,
qx_ppmtx_pn_inventory_history,STREAMING_TABLE,Silver inventory history - validated inventory transaction records,req_acknowledgement,41,STRING,YES,,,,,,
qx_ppmtx_pn_inventory_history,STREAMING_TABLE,Silver inventory history - validated inventory transaction records,req_acknowledgement_by,42,STRING,YES,,,,,,
qx_ppmtx_pn_inventory_history,STREAMING_TABLE,Silver inventory history - validated inventory transaction records,req_acknowledgement_date,43,TIMESTAMP,YES,,,,,,
qx_ppmtx_pn_inventory_history,STREAMING_TABLE,Silver inventory history - validated inventory transaction records,unit_sell_override,44,STRING,YES,,,,,,
qx_ppmtx_pn_inventory_history,STREAMING_TABLE,Silver inventory history - validated inventory transaction records,unit_sell,45,DECIMAL,YES,,,,,,
qx_ppmtx_pn_inventory_history,STREAMING_TABLE,Silver inventory history - validated inventory transaction records,reference,46,STRING,YES,,,,,,
qx_ppmtx_pn_inventory_history,STREAMING_TABLE,Silver inventory history - validated inventory transaction records,invoice,47,STRING,YES,,,,,,
qx_ppmtx_pn_inventory_history,STREAMING_TABLE,Silver inventory history - validated inventory transaction records,scrap_code,48,STRING,YES,,,,,,
qx_ppmtx_pn_inventory_history,STREAMING_TABLE,Silver inventory history - validated inventory transaction records,secondary_cost,49,DECIMAL,YES,,,,,,
qx_ppmtx_pn_inventory_history,STREAMING_TABLE,Silver inventory history - validated inventory transaction records,secondary_currency_exchange,50,DECIMAL,YES,,,,,,
qx_ppmtx_pn_inventory_history,STREAMING_TABLE,Silver inventory history - validated inventory transaction records,custom_duty_document,51,STRING,YES,,,,,,
qx_ppmtx_pn_inventory_history,STREAMING_TABLE,Silver inventory history - validated inventory transaction records,owner,52,STRING,YES,,,,,,
qx_ppmtx_pn_inventory_history,STREAMING_TABLE,Silver inventory history - validated inventory transaction records,pass_financial_closing,53,STRING,YES,,,,,,
qx_ppmtx_pn_inventory_history,STREAMING_TABLE,Silver inventory history - validated inventory transaction records,technical_record_date,54,TIMESTAMP,YES,,,,,,
qx_ppmtx_pn_inventory_history,STREAMING_TABLE,Silver inventory history - validated inventory transaction records,issued_to_employee,55,STRING,YES,,,,,,
qx_ppmtx_pn_inventory_history,STREAMING_TABLE,Silver inventory history - validated inventory transaction records,interface_transfer_by,56,STRING,YES,,,,,,
qx_ppmtx_pn_inventory_history,STREAMING_TABLE,Silver inventory history - validated inventory transaction records,interface_transfer_date,57,TIMESTAMP,YES,,,,,,
qx_ppmtx_pn_inventory_history,STREAMING_TABLE,Silver inventory history - validated inventory transaction records,remove_installed_date,58,TIMESTAMP,YES,,,,,,
qx_ppmtx_pn_inventory_history,STREAMING_TABLE,Silver inventory history - validated inventory transaction records,remove_installed_position,59,STRING,YES,,,,,,
qx_ppmtx_pn_inventory_history,STREAMING_TABLE,Silver inventory history - validated inventory transaction records,removal_installed_description,60,STRING,YES,,,,,,
qx_ppmtx_pn_inventory_history,STREAMING_TABLE,Silver inventory history - validated inventory transaction records,ship_via_account,61,STRING,YES,,,,,,
qx_ppmtx_pn_inventory_history,STREAMING_TABLE,Silver inventory history - validated inventory transaction records,ship_via_remarks,62,STRING,YES,,,,,,
qx_ppmtx_pn_inventory_history,STREAMING_TABLE,Silver inventory history - validated inventory transaction records,ri_pn_control_reset,63,STRING,YES,,,,,,
qx_ppmtx_pn_inventory_history,STREAMING_TABLE,Silver inventory history - validated inventory transaction records,tag_no,64,STRING,YES,,,,,,
qx_ppmtx_pn_inventory_history,STREAMING_TABLE,Silver inventory history - validated inventory transaction records,tag_by,65,STRING,YES,,,,,,
qx_ppmtx_pn_inventory_history,STREAMING_TABLE,Silver inventory history - validated inventory transaction records,tag_date,66,TIMESTAMP,YES,,,,,,
qx_ppmtx_pn_inventory_history,STREAMING_TABLE,Silver inventory history - validated inventory transaction records,issue_to_employee,67,STRING,YES,,,,,,
qx_ppmtx_pn_inventory_history,STREAMING_TABLE,Silver inventory history - validated inventory transaction records,task_card_pn,68,STRING,YES,,,,,,
qx_ppmtx_pn_inventory_history,STREAMING_TABLE,Silver inventory history - validated inventory transaction records,task_card_sn,69,STRING,YES,,,,,,
qx_ppmtx_pn_inventory_history,STREAMING_TABLE,Silver inventory history - validated inventory transaction records,ri_interface_flag,70,STRING,YES,,,,,,
qx_ppmtx_pn_inventory_history,STREAMING_TABLE,Silver inventory history - validated inventory transaction records,pre_receipt,71,STRING,YES,,,,,,
qx_ppmtx_pn_inventory_history,STREAMING_TABLE,Silver inventory history - validated inventory transaction records,rtv_reopen_inv_interface_flag,72,STRING,YES,,,,,,
qx_ppmtx_pn_inventory_history,STREAMING_TABLE,Silver inventory history - validated inventory transaction records,interface_trnsfr_finance_brzl,73,TIMESTAMP,YES,,,,,,
qx_ppmtx_pn_inventory_history,STREAMING_TABLE,Silver inventory history - validated inventory transaction records,iface_baxter_dissue_xfer_date,74,TIMESTAMP,YES,,,,,,
qx_ppmtx_pn_inventory_history,STREAMING_TABLE,Silver inventory history - validated inventory transaction records,iface_baxter_stmtd_xfer_date,75,TIMESTAMP,YES,,,,,,
qx_ppmtx_pn_inventory_history,STREAMING_TABLE,Silver inventory history - validated inventory transaction records,iface_baxter_dinst_xfer_date,76,TIMESTAMP,YES,,,,,,
qx_ppmtx_pn_inventory_history,STREAMING_TABLE,Silver inventory history - validated inventory transaction records,iface_baxter_dremove_xfer_date,77,TIMESTAMP,YES,,,,,,
qx_ppmtx_pn_inventory_history,STREAMING_TABLE,Silver inventory history - validated inventory transaction records,created_by_costing_adjust,78,STRING,YES,,,,,,
qx_ppmtx_pn_inventory_history,STREAMING_TABLE,Silver inventory history - validated inventory transaction records,blob_no,79,DECIMAL,YES,,,,,,
qx_ppmtx_pn_inventory_history,STREAMING_TABLE,Silver inventory history - validated inventory transaction records,adjustment_code,80,STRING,YES,,,,,,
qx_ppmtx_pn_inventory_history,STREAMING_TABLE,Silver inventory history - validated inventory transaction records,document_no,81,DECIMAL,YES,,,,,,
qx_ppmtx_pn_inventory_history,STREAMING_TABLE,Silver inventory history - validated inventory transaction records,requisition,82,DECIMAL,YES,,,,,,
qx_ppmtx_pn_inventory_history,STREAMING_TABLE,Silver inventory history - validated inventory transaction records,requisition_line,83,DECIMAL,YES,,,,,,
qx_ppmtx_pn_inventory_history,STREAMING_TABLE,Silver inventory history - validated inventory transaction records,defect_type,84,STRING,YES,,,,,,
qx_ppmtx_pn_inventory_history,STREAMING_TABLE,Silver inventory history - validated inventory transaction records,defect,85,STRING,YES,,,,,,
qx_ppmtx_pn_inventory_history,STREAMING_TABLE,Silver inventory history - validated inventory transaction records,defect_item,86,DECIMAL,YES,,,,,,
qx_ppmtx_pn_inventory_history,STREAMING_TABLE,Silver inventory history - validated inventory transaction records,form_1_notes,87,DECIMAL,YES,,,,,,
qx_ppmtx_pn_inventory_history,STREAMING_TABLE,Silver inventory history - validated inventory transaction records,nla_position,88,STRING,YES,,,,,,
qx_ppmtx_pn_inventory_history,STREAMING_TABLE,Silver inventory history - validated inventory transaction records,reopen_order,89,STRING,YES,,,,,,
qx_ppmtx_pn_inventory_history,STREAMING_TABLE,Silver inventory history - validated inventory transaction records,tool_calibration_no,90,STRING,YES,,,,,,
qx_ppmtx_pn_inventory_history,STREAMING_TABLE,Silver inventory history - validated inventory transaction records,tax_incentive,91,STRING,YES,,,,,,
qx_ppmtx_pn_inventory_history,STREAMING_TABLE,Silver inventory history - validated inventory transaction records,tax_incentive_nbr,92,STRING,YES,,,,,,
qx_ppmtx_pn_inventory_history,STREAMING_TABLE,Silver inventory history - validated inventory transaction records,employee_cost_center,93,STRING,YES,,,,,,
qx_ppmtx_pn_inventory_history,STREAMING_TABLE,Silver inventory history - validated inventory transaction records,rmv_ins_pn,94,STRING,YES,,,,,,
qx_ppmtx_pn_inventory_history,STREAMING_TABLE,Silver inventory history - validated inventory transaction records,rmv_ins_sn,95,STRING,YES,,,,,,
qx_ppmtx_pn_inventory_history,STREAMING_TABLE,Silver inventory history - validated inventory transaction records,vendor_lot,96,STRING,YES,,,,,,
qx_ppmtx_pn_inventory_history,STREAMING_TABLE,Silver inventory history - validated inventory transaction records,us_number,97,STRING,YES,,,,,,
qx_ppmtx_pn_inventory_history,STREAMING_TABLE,Silver inventory history - validated inventory transaction records,remove_as_serviceable,98,STRING,YES,,,,,,
qx_ppmtx_pn_inventory_history,STREAMING_TABLE,Silver inventory history - validated inventory transaction records,pn_category,99,STRING,YES,,,,,,
qx_ppmtx_pn_inventory_history,STREAMING_TABLE,Silver inventory history - validated inventory transaction records,form_no,100,DECIMAL,YES,,,,,,
qx_ppmtx_pn_inventory_history,STREAMING_TABLE,Silver inventory history - validated inventory transaction records,accounting_document,101,STRING,YES,,,,,,
qx_ppmtx_pn_inventory_history,STREAMING_TABLE,Silver inventory history - validated inventory transaction records,accounting_document_date,102,TIMESTAMP,YES,,,,,,
qx_ppmtx_pn_inventory_history,STREAMING_TABLE,Silver inventory history - validated inventory transaction records,processed_timestamp,103,TIMESTAMP,YES,,,,,,
qx_ppmtx_pn_master,STREAMING_TABLE,Silver part number master - validated part catalog with quality checks,pn,0,STRING,YES,,,,,,
qx_ppmtx_pn_master,STREAMING_TABLE,Silver part number master - validated part catalog with quality checks,pn_description,1,STRING,YES,,,,,,
qx_ppmtx_pn_master,STREAMING_TABLE,Silver part number master - validated part catalog with quality checks,category,2,STRING,YES,,,,,,
qx_ppmtx_pn_master,STREAMING_TABLE,Silver part number master - validated part catalog with quality checks,sub_category,3,STRING,YES,,,,,,
qx_ppmtx_pn_master,STREAMING_TABLE,Silver part number master - validated part catalog with quality checks,expenditure,4,STRING,YES,,,,,,
qx_ppmtx_pn_master,STREAMING_TABLE,Silver part number master - validated part catalog with quality checks,stock_uom,5,STRING,YES,,,,,,
qx_ppmtx_pn_master,STREAMING_TABLE,Silver part number master - validated part catalog with quality checks,shelf_life_flag,6,STRING,YES,,,,,,
qx_ppmtx_pn_master,STREAMING_TABLE,Silver part number master - validated part catalog with quality checks,shelf_life_days,7,DECIMAL,YES,,,,,,
qx_ppmtx_pn_master,STREAMING_TABLE,Silver part number master - validated part catalog with quality checks,tool_calibration_flag,8,STRING,YES,,,,,,
qx_ppmtx_pn_master,STREAMING_TABLE,Silver part number master - validated part catalog with quality checks,tool_life_days,9,DECIMAL,YES,,,,,,
qx_ppmtx_pn_master,STREAMING_TABLE,Silver part number master - validated part catalog with quality checks,ri_flag,10,STRING,YES,,,,,,
qx_ppmtx_pn_master,STREAMING_TABLE,Silver part number master - validated part catalog with quality checks,ri_notes,11,DECIMAL,YES,,,,,,
qx_ppmtx_pn_master,STREAMING_TABLE,Silver part number master - validated part catalog with quality checks,handling_notes,12,DECIMAL,YES,,,,,,
qx_ppmtx_pn_master,STREAMING_TABLE,Silver part number master - validated part catalog with quality checks,shipping_notes,13,DECIMAL,YES,,,,,,
qx_ppmtx_pn_master,STREAMING_TABLE,Silver part number master - validated part catalog with quality checks,pn_supersede,14,STRING,YES,,,,,,
qx_ppmtx_pn_master,STREAMING_TABLE,Silver part number master - validated part catalog with quality checks,standard_cost,15,DECIMAL,YES,,,,,,
qx_ppmtx_pn_master,STREAMING_TABLE,Silver part number master - validated part catalog with quality checks,average_cost,16,DECIMAL,YES,,,,,,
qx_ppmtx_pn_master,STREAMING_TABLE,Silver part number master - validated part catalog with quality checks,gl_company,17,STRING,YES,,,,,,
qx_ppmtx_pn_master,STREAMING_TABLE,Silver part number master - validated part catalog with quality checks,gl_expenditure,18,STRING,YES,,,,,,
qx_ppmtx_pn_master,STREAMING_TABLE,Silver part number master - validated part catalog with quality checks,gl,19,STRING,YES,,,,,,
qx_ppmtx_pn_master,STREAMING_TABLE,Silver part number master - validated part catalog with quality checks,gl_cost_center,20,STRING,YES,,,,,,
qx_ppmtx_pn_master,STREAMING_TABLE,Silver part number master - validated part catalog with quality checks,vendor,21,STRING,YES,,,,,,
qx_ppmtx_pn_master,STREAMING_TABLE,Silver part number master - validated part catalog with quality checks,lot_control,22,STRING,YES,,,,,,
qx_ppmtx_pn_master,STREAMING_TABLE,Silver part number master - validated part catalog with quality checks,hazardous_material,23,STRING,YES,,,,,,
qx_ppmtx_pn_master,STREAMING_TABLE,Silver part number master - validated part catalog with quality checks,hazardous_material_no,24,STRING,YES,,,,,,
qx_ppmtx_pn_master,STREAMING_TABLE,Silver part number master - validated part catalog with quality checks,status,25,STRING,YES,,,,,,
qx_ppmtx_pn_master,STREAMING_TABLE,Silver part number master - validated part catalog with quality checks,chapter,26,DECIMAL,YES,,,,,,
qx_ppmtx_pn_master,STREAMING_TABLE,Silver part number master - validated part catalog with quality checks,section,27,DECIMAL,YES,,,,,,
qx_ppmtx_pn_master,STREAMING_TABLE,Silver part number master - validated part catalog with quality checks,paragraph,28,DECIMAL,YES,,,,,,
qx_ppmtx_pn_master,STREAMING_TABLE,Silver part number master - validated part catalog with quality checks,etops,29,STRING,YES,,,,,,
qx_ppmtx_pn_master,STREAMING_TABLE,Silver part number master - validated part catalog with quality checks,notes,30,DECIMAL,YES,,,,,,
qx_ppmtx_pn_master,STREAMING_TABLE,Silver part number master - validated part catalog with quality checks,created_by,31,STRING,YES,,,,,,
qx_ppmtx_pn_master,STREAMING_TABLE,Silver part number master - validated part catalog with quality checks,created_date,32,TIMESTAMP,YES,,,,,,
qx_ppmtx_pn_master,STREAMING_TABLE,Silver part number master - validated part catalog with quality checks,modified_by,33,STRING,YES,,,,,,
qx_ppmtx_pn_master,STREAMING_TABLE,Silver part number master - validated part catalog with quality checks,modified_date,34,TIMESTAMP,YES,,,,,,
qx_ppmtx_pn_master,STREAMING_TABLE,Silver part number master - validated part catalog with quality checks,blob_no,35,DECIMAL,YES,,,,,,
qx_ppmtx_pn_master,STREAMING_TABLE,Silver part number master - validated part catalog with quality checks,ipc,36,STRING,YES,,,,,,
qx_ppmtx_pn_master,STREAMING_TABLE,Silver part number master - validated part catalog with quality checks,essentiality_code,37,STRING,YES,,,,,,
qx_ppmtx_pn_master,STREAMING_TABLE,Silver part number master - validated part catalog with quality checks,fa_no_month_depreciation,38,DECIMAL,YES,,,,,,
qx_ppmtx_pn_master,STREAMING_TABLE,Silver part number master - validated part catalog with quality checks,fa_residual_value_percent,39,DECIMAL,YES,,,,,,
qx_ppmtx_pn_master,STREAMING_TABLE,Silver part number master - validated part catalog with quality checks,poisson_factor,40,STRING,YES,,,,,,
qx_ppmtx_pn_master,STREAMING_TABLE,Silver part number master - validated part catalog with quality checks,maintenance_control,41,STRING,YES,,,,,,
qx_ppmtx_pn_master,STREAMING_TABLE,Silver part number master - validated part catalog with quality checks,alert_level,42,DECIMAL,YES,,,,,,
qx_ppmtx_pn_master,STREAMING_TABLE,Silver part number master - validated part catalog with quality checks,secondary_cost,43,DECIMAL,YES,,,,,,
qx_ppmtx_pn_master,STREAMING_TABLE,Silver part number master - validated part catalog with quality checks,etops_flag,44,STRING,YES,,,,,,
qx_ppmtx_pn_master,STREAMING_TABLE,Silver part number master - validated part catalog with quality checks,factor_control,45,DECIMAL,YES,,,,,,
qx_ppmtx_pn_master,STREAMING_TABLE,Silver part number master - validated part catalog with quality checks,auto_installed,46,STRING,YES,,,,,,
qx_ppmtx_pn_master,STREAMING_TABLE,Silver part number master - validated part catalog with quality checks,removal_installation_audit,47,STRING,YES,,,,,,
qx_ppmtx_pn_master,STREAMING_TABLE,Silver part number master - validated part catalog with quality checks,weight,48,DECIMAL,YES,,,,,,
qx_ppmtx_pn_master,STREAMING_TABLE,Silver part number master - validated part catalog with quality checks,weight_unit,49,STRING,YES,,,,,,
qx_ppmtx_pn_master,STREAMING_TABLE,Silver part number master - validated part catalog with quality checks,market_value_unit_cost,50,DECIMAL,YES,,,,,,
qx_ppmtx_pn_master,STREAMING_TABLE,Silver part number master - validated part catalog with quality checks,cat_rating,51,STRING,YES,,,,,,
qx_ppmtx_pn_master,STREAMING_TABLE,Silver part number master - validated part catalog with quality checks,bin_orientation,52,STRING,YES,,,,,,
qx_ppmtx_pn_master,STREAMING_TABLE,Silver part number master - validated part catalog with quality checks,shelf_life_notes,53,DECIMAL,YES,,,,,,
qx_ppmtx_pn_master,STREAMING_TABLE,Silver part number master - validated part catalog with quality checks,alert_no_of_removal,54,DECIMAL,YES,,,,,,
qx_ppmtx_pn_master,STREAMING_TABLE,Silver part number master - validated part catalog with quality checks,alert_category,55,STRING,YES,,,,,,
qx_ppmtx_pn_master,STREAMING_TABLE,Silver part number master - validated part catalog with quality checks,alert_category_no_of,56,DECIMAL,YES,,,,,,
qx_ppmtx_pn_master,STREAMING_TABLE,Silver part number master - validated part catalog with quality checks,lru,57,STRING,YES,,,,,,
qx_ppmtx_pn_master,STREAMING_TABLE,Silver part number master - validated part catalog with quality checks,mel,58,STRING,YES,,,,,,
qx_ppmtx_pn_master,STREAMING_TABLE,Silver part number master - validated part catalog with quality checks,tool_calibration_description,59,STRING,YES,,,,,,
qx_ppmtx_pn_master,STREAMING_TABLE,Silver part number master - validated part catalog with quality checks,static_sensitive_part,60,STRING,YES,,,,,,
qx_ppmtx_pn_master,STREAMING_TABLE,Silver part number master - validated part catalog with quality checks,sos_eligible_part,61,STRING,YES,,,,,,
qx_ppmtx_pn_master,STREAMING_TABLE,Silver part number master - validated part catalog with quality checks,cycle_count_code,62,STRING,YES,,,,,,
qx_ppmtx_pn_master,STREAMING_TABLE,Silver part number master - validated part catalog with quality checks,reference_document,63,STRING,YES,,,,,,
qx_ppmtx_pn_master,STREAMING_TABLE,Silver part number master - validated part catalog with quality checks,reference_document_revision,64,STRING,YES,,,,,,
qx_ppmtx_pn_master,STREAMING_TABLE,Silver part number master - validated part catalog with quality checks,avionic_part,65,STRING,YES,,,,,,
qx_ppmtx_pn_master,STREAMING_TABLE,Silver part number master - validated part catalog with quality checks,internal_show_capability,66,STRING,YES,,,,,,
qx_ppmtx_pn_master,STREAMING_TABLE,Silver part number master - validated part catalog with quality checks,taxable,67,STRING,YES,,,,,,
qx_ppmtx_pn_master,STREAMING_TABLE,Silver part number master - validated part catalog with quality checks,width,68,DECIMAL,YES,,,,,,
qx_ppmtx_pn_master,STREAMING_TABLE,Silver part number master - validated part catalog with quality checks,width_units,69,STRING,YES,,,,,,
qx_ppmtx_pn_master,STREAMING_TABLE,Silver part number master - validated part catalog with quality checks,height,70,DECIMAL,YES,,,,,,
qx_ppmtx_pn_master,STREAMING_TABLE,Silver part number master - validated part catalog with quality checks,height_units,71,STRING,YES,,,,,,
qx_ppmtx_pn_master,STREAMING_TABLE,Silver part number master - validated part catalog with quality checks,lenght,72,DECIMAL,YES,,,,,,
qx_ppmtx_pn_master,STREAMING_TABLE,Silver part number master - validated part catalog with quality checks,lenght_units,73,STRING,YES,,,,,,
qx_ppmtx_pn_master,STREAMING_TABLE,Silver part number master - validated part catalog with quality checks,fa_depreciation_code,74,STRING,YES,,,,,,
qx_ppmtx_pn_master,STREAMING_TABLE,Silver part number master - validated part catalog with quality checks,pn_supersede_notes,75,DECIMAL,YES,,,,,,
qx_ppmtx_pn_master,STREAMING_TABLE,Silver part number master - validated part catalog with quality checks,tool_control_item,76,STRING,YES,,,,,,
qx_ppmtx_pn_master,STREAMING_TABLE,Silver part number master - validated part catalog with quality checks,reliability_monitored,77,STRING,YES,,,,,,
qx_ppmtx_pn_master,STREAMING_TABLE,Silver part number master - validated part catalog with quality checks,factor_control_cycles,78,DECIMAL,YES,,,,,,
qx_ppmtx_pn_master,STREAMING_TABLE,Silver part number master - validated part catalog with quality checks,inventory_type,79,STRING,YES,,,,,,
qx_ppmtx_pn_master,STREAMING_TABLE,Silver part number master - validated part catalog with quality checks,hazardous_material_hyperlink,80,STRING,YES,,,,,,
qx_ppmtx_pn_master,STREAMING_TABLE,Silver part number master - validated part catalog with quality checks,auto_install_position,81,STRING,YES,,,,,,
qx_ppmtx_pn_master,STREAMING_TABLE,Silver part number master - validated part catalog with quality checks,ro_gl_company,82,STRING,YES,,,,,,
qx_ppmtx_pn_master,STREAMING_TABLE,Silver part number master - validated part catalog with quality checks,ro_gl_expenditure,83,STRING,YES,,,,,,
qx_ppmtx_pn_master,STREAMING_TABLE,Silver part number master - validated part catalog with quality checks,ro_gl,84,STRING,YES,,,,,,
qx_ppmtx_pn_master,STREAMING_TABLE,Silver part number master - validated part catalog with quality checks,ro_gl_cost_center,85,STRING,YES,,,,,,
qx_ppmtx_pn_master,STREAMING_TABLE,Silver part number master - validated part catalog with quality checks,spec_number,86,STRING,YES,,,,,,
qx_ppmtx_pn_master,STREAMING_TABLE,Silver part number master - validated part catalog with quality checks,non_repairable_part,87,STRING,YES,,,,,,
qx_ppmtx_pn_master,STREAMING_TABLE,Silver part number master - validated part catalog with quality checks,maintenance_program,88,STRING,YES,,,,,,
qx_ppmtx_pn_master,STREAMING_TABLE,Silver part number master - validated part catalog with quality checks,unlimited_shelf_life_flag,89,STRING,YES,,,,,,
qx_ppmtx_pn_master,STREAMING_TABLE,Silver part number master - validated part catalog with quality checks,issued_notes,90,DECIMAL,YES,,,,,,
qx_ppmtx_pn_master,STREAMING_TABLE,Silver part number master - validated part catalog with quality checks,ectm,91,STRING,YES,,,,,,
qx_ppmtx_pn_master,STREAMING_TABLE,Silver part number master - validated part catalog with quality checks,apu,92,STRING,YES,,,,,,
qx_ppmtx_pn_master,STREAMING_TABLE,Silver part number master - validated part catalog with quality checks,engine,93,STRING,YES,,,,,,
qx_ppmtx_pn_master,STREAMING_TABLE,Silver part number master - validated part catalog with quality checks,module,94,STRING,YES,,,,,,
qx_ppmtx_pn_master,STREAMING_TABLE,Silver part number master - validated part catalog with quality checks,disk,95,STRING,YES,,,,,,
qx_ppmtx_pn_master,STREAMING_TABLE,Silver part number master - validated part catalog with quality checks,effectivity_pn_interchangeable,96,STRING,YES,,,,,,
qx_ppmtx_pn_master,STREAMING_TABLE,Silver part number master - validated part catalog with quality checks,software,97,STRING,YES,,,,,,
qx_ppmtx_pn_master,STREAMING_TABLE,Silver part number master - validated part catalog with quality checks,order_notes,98,DECIMAL,YES,,,,,,
qx_ppmtx_pn_master,STREAMING_TABLE,Silver part number master - validated part catalog with quality checks,not_allow_on_cust_order_flag,99,STRING,YES,,,,,,
qx_ppmtx_pn_master,STREAMING_TABLE,Silver part number master - validated part catalog with quality checks,repair_order_notes,100,DECIMAL,YES,,,,,,
qx_ppmtx_pn_master,STREAMING_TABLE,Silver part number master - validated part catalog with quality checks,chemical_guide_sheet,101,STRING,YES,,,,,,
qx_ppmtx_pn_master,STREAMING_TABLE,Silver part number master - validated part catalog with quality checks,chemical_guide_blob,102,DECIMAL,YES,,,,,,
qx_ppmtx_pn_master,STREAMING_TABLE,Silver part number master - validated part catalog with quality checks,custom_duty,103,STRING,YES,,,,,,
qx_ppmtx_pn_master,STREAMING_TABLE,Silver part number master - validated part catalog with quality checks,weight_control_at_batch_level,104,STRING,YES,,,,,,
qx_ppmtx_pn_master,STREAMING_TABLE,Silver part number master - validated part catalog with quality checks,rvsm_flag,105,STRING,YES,,,,,,
qx_ppmtx_pn_master,STREAMING_TABLE,Silver part number master - validated part catalog with quality checks,rvsm_code,106,STRING,YES,,,,,,
qx_ppmtx_pn_master,STREAMING_TABLE,Silver part number master - validated part catalog with quality checks,print_note_receiving_flag,107,STRING,YES,,,,,,
qx_ppmtx_pn_master,STREAMING_TABLE,Silver part number master - validated part catalog with quality checks,custom_duty_document,108,STRING,YES,,,,,,
qx_ppmtx_pn_master,STREAMING_TABLE,Silver part number master - validated part catalog with quality checks,alert_level_second,109,DECIMAL,YES,,,,,,
qx_ppmtx_pn_master,STREAMING_TABLE,Silver part number master - validated part catalog with quality checks,requisition_notes,110,DECIMAL,YES,,,,,,
qx_ppmtx_pn_master,STREAMING_TABLE,Silver part number master - validated part catalog with quality checks,auto_sn_create,111,STRING,YES,,,,,,
qx_ppmtx_pn_master,STREAMING_TABLE,Silver part number master - validated part catalog with quality checks,hazardous_material_at_removal,112,STRING,YES,,,,,,
qx_ppmtx_pn_master,STREAMING_TABLE,Silver part number master - validated part catalog with quality checks,document_no,113,DECIMAL,YES,,,,,,
qx_ppmtx_pn_master,STREAMING_TABLE,Silver part number master - validated part catalog with quality checks,physical_count_by,114,STRING,YES,,,,,,
qx_ppmtx_pn_master,STREAMING_TABLE,Silver part number master - validated part catalog with quality checks,physical_count_date,115,STRING,YES,,,,,,
qx_ppmtx_pn_master,STREAMING_TABLE,Silver part number master - validated part catalog with quality checks,auto_sn_prefix,116,STRING,YES,,,,,,
qx_ppmtx_pn_master,STREAMING_TABLE,Silver part number master - validated part catalog with quality checks,minimum_shelf_life,117,DECIMAL,YES,,,,,,
qx_ppmtx_pn_master,STREAMING_TABLE,Silver part number master - validated part catalog with quality checks,prorated_flag,118,STRING,YES,,,,,,
qx_ppmtx_pn_master,STREAMING_TABLE,Silver part number master - validated part catalog with quality checks,itar_controlled,119,STRING,YES,,,,,,
qx_ppmtx_pn_master,STREAMING_TABLE,Silver part number master - validated part catalog with quality checks,gl_company_2,120,STRING,YES,,,,,,
qx_ppmtx_pn_master,STREAMING_TABLE,Silver part number master - validated part catalog with quality checks,gl_expenditure_2,121,STRING,YES,,,,,,
qx_ppmtx_pn_master,STREAMING_TABLE,Silver part number master - validated part catalog with quality checks,gl_2,122,STRING,YES,,,,,,
qx_ppmtx_pn_master,STREAMING_TABLE,Silver part number master - validated part catalog with quality checks,gl_cost_center_2,123,STRING,YES,,,,,,
qx_ppmtx_pn_master,STREAMING_TABLE,Silver part number master - validated part catalog with quality checks,ro_gl_company_2,124,STRING,YES,,,,,,
qx_ppmtx_pn_master,STREAMING_TABLE,Silver part number master - validated part catalog with quality checks,ro_gl_expenditure_2,125,STRING,YES,,,,,,
qx_ppmtx_pn_master,STREAMING_TABLE,Silver part number master - validated part catalog with quality checks,ro_gl_2,126,STRING,YES,,,,,,
qx_ppmtx_pn_master,STREAMING_TABLE,Silver part number master - validated part catalog with quality checks,ro_gl_cost_center_2,127,STRING,YES,,,,,,
qx_ppmtx_pn_master,STREAMING_TABLE,Silver part number master - validated part catalog with quality checks,shelf_life_eom,128,STRING,YES,,,,,,
qx_ppmtx_pn_master,STREAMING_TABLE,Silver part number master - validated part catalog with quality checks,tool_life_eom,129,STRING,YES,,,,,,
qx_ppmtx_pn_master,STREAMING_TABLE,Silver part number master - validated part catalog with quality checks,traxdoc_created_date,130,TIMESTAMP,YES,,,,,,
qx_ppmtx_pn_master,STREAMING_TABLE,Silver part number master - validated part catalog with quality checks,traxdoc_file_name_path,131,STRING,YES,,,,,,
qx_ppmtx_pn_master,STREAMING_TABLE,Silver part number master - validated part catalog with quality checks,traxdoc_row_id,132,DECIMAL,YES,,,,,,
qx_ppmtx_pn_master,STREAMING_TABLE,Silver part number master - validated part catalog with quality checks,packing_group,133,STRING,YES,,,,,,
qx_ppmtx_pn_master,STREAMING_TABLE,Silver part number master - validated part catalog with quality checks,class_division,134,STRING,YES,,,,,,
qx_ppmtx_pn_master,STREAMING_TABLE,Silver part number master - validated part catalog with quality checks,inventory_monitored,135,STRING,YES,,,,,,
qx_ppmtx_pn_master,STREAMING_TABLE,Silver part number master - validated part catalog with quality checks,iface_baxter_matfld_xfer_date,136,TIMESTAMP,YES,,,,,,
qx_ppmtx_pn_master,STREAMING_TABLE,Silver part number master - validated part catalog with quality checks,iface_baxter_mat_transfer_date,137,TIMESTAMP,YES,,,,,,
qx_ppmtx_pn_master,STREAMING_TABLE,Silver part number master - validated part catalog with quality checks,shock_watch,138,STRING,YES,,,,,,
qx_ppmtx_pn_master,STREAMING_TABLE,Silver part number master - validated part catalog with quality checks,interchangeability_class,139,STRING,YES,,,,,,
qx_ppmtx_pn_master,STREAMING_TABLE,Silver part number master - validated part catalog with quality checks,chemical_guide_doc_no,140,DECIMAL,YES,,,,,,
qx_ppmtx_pn_master,STREAMING_TABLE,Silver part number master - validated part catalog with quality checks,pn_total_times_flag,141,STRING,YES,,,,,,
qx_ppmtx_pn_master,STREAMING_TABLE,Silver part number master - validated part catalog with quality checks,transaction_document_no,142,DECIMAL,YES,,,,,,
qx_ppmtx_pn_master,STREAMING_TABLE,Silver part number master - validated part catalog with quality checks,apu_reading,143,STRING,YES,,,,,,
qx_ppmtx_pn_master,STREAMING_TABLE,Silver part number master - validated part catalog with quality checks,alt_pn_description,144,STRING,YES,,,,,,
qx_ppmtx_pn_master,STREAMING_TABLE,Silver part number master - validated part catalog with quality checks,mod_status,145,STRING,YES,,,,,,
qx_ppmtx_pn_master,STREAMING_TABLE,Silver part number master - validated part catalog with quality checks,automated_warehouse_capable,146,STRING,YES,,,,,,
qx_ppmtx_pn_master,STREAMING_TABLE,Silver part number master - validated part catalog with quality checks,store_exception,147,STRING,YES,,,,,,
qx_ppmtx_pn_master,STREAMING_TABLE,Silver part number master - validated part catalog with quality checks,store_exception_shc_id,148,STRING,YES,,,,,,
qx_ppmtx_pn_master,STREAMING_TABLE,Silver part number master - validated part catalog with quality checks,store_exception_shc_1,149,STRING,YES,,,,,,
qx_ppmtx_pn_master,STREAMING_TABLE,Silver part number master - validated part catalog with quality checks,store_exception_shc_2,150,STRING,YES,,,,,,
qx_ppmtx_pn_master,STREAMING_TABLE,Silver part number master - validated part catalog with quality checks,ex_gl_company,151,STRING,YES,,,,,,
qx_ppmtx_pn_master,STREAMING_TABLE,Silver part number master - validated part catalog with quality checks,ex_gl_expenditure,152,STRING,YES,,,,,,
qx_ppmtx_pn_master,STREAMING_TABLE,Silver part number master - validated part catalog with quality checks,ex_gl,153,STRING,YES,,,,,,
qx_ppmtx_pn_master,STREAMING_TABLE,Silver part number master - validated part catalog with quality checks,ex_gl_cost_center,154,STRING,YES,,,,,,
qx_ppmtx_pn_master,STREAMING_TABLE,Silver part number master - validated part catalog with quality checks,ex_gl_company_2,155,STRING,YES,,,,,,
qx_ppmtx_pn_master,STREAMING_TABLE,Silver part number master - validated part catalog with quality checks,ex_gl_expenditure_2,156,STRING,YES,,,,,,
qx_ppmtx_pn_master,STREAMING_TABLE,Silver part number master - validated part catalog with quality checks,ex_gl_2,157,STRING,YES,,,,,,
qx_ppmtx_pn_master,STREAMING_TABLE,Silver part number master - validated part catalog with quality checks,ex_gl_cost_center_2,158,STRING,YES,,,,,,
qx_ppmtx_pn_master,STREAMING_TABLE,Silver part number master - validated part catalog with quality checks,health_safety,159,STRING,YES,,,,,,
qx_ppmtx_pn_master,STREAMING_TABLE,Silver part number master - validated part catalog with quality checks,health_safety_class,160,STRING,YES,,,,,,
qx_ppmtx_pn_master,STREAMING_TABLE,Silver part number master - validated part catalog with quality checks,health_safety_hyperlink,161,STRING,YES,,,,,,
qx_ppmtx_pn_master,STREAMING_TABLE,Silver part number master - validated part catalog with quality checks,additional_information,162,STRING,YES,,,,,,
qx_ppmtx_pn_master,STREAMING_TABLE,Silver part number master - validated part catalog with quality checks,hazardous_substance,163,STRING,YES,,,,,,
qx_ppmtx_pn_master,STREAMING_TABLE,Silver part number master - validated part catalog with quality checks,hazardous_substance_at_removal,164,STRING,YES,,,,,,
qx_ppmtx_pn_master,STREAMING_TABLE,Silver part number master - validated part catalog with quality checks,hazardous_substance_hyperlink,165,STRING,YES,,,,,,
qx_ppmtx_pn_master,STREAMING_TABLE,Silver part number master - validated part catalog with quality checks,turn,166,STRING,YES,,,,,,
qx_ppmtx_pn_master,STREAMING_TABLE,Silver part number master - validated part catalog with quality checks,over_night,167,STRING,YES,,,,,,
qx_ppmtx_pn_master,STREAMING_TABLE,Silver part number master - validated part catalog with quality checks,check_l,168,STRING,YES,,,,,,
qx_ppmtx_pn_master,STREAMING_TABLE,Silver part number master - validated part catalog with quality checks,line,169,STRING,YES,,,,,,
qx_ppmtx_pn_master,STREAMING_TABLE,Silver part number master - validated part catalog with quality checks,carrying_cost_factor,170,DECIMAL,YES,,,,,,
qx_ppmtx_pn_master,STREAMING_TABLE,Silver part number master - validated part catalog with quality checks,replenishment_cost_factor,171,DECIMAL,YES,,,,,,
qx_ppmtx_pn_master,STREAMING_TABLE,Silver part number master - validated part catalog with quality checks,bin_cat,172,STRING,YES,,,,,,
qx_ppmtx_pn_master,STREAMING_TABLE,Silver part number master - validated part catalog with quality checks,bin_cat2,173,STRING,YES,,,,,,
qx_ppmtx_pn_master,STREAMING_TABLE,Silver part number master - validated part catalog with quality checks,critical_level,174,STRING,YES,,,,,,
qx_ppmtx_pn_master,STREAMING_TABLE,Silver part number master - validated part catalog with quality checks,mro_supplied_part,175,STRING,YES,,,,,,
qx_ppmtx_pn_master,STREAMING_TABLE,Silver part number master - validated part catalog with quality checks,climate_controlled,176,STRING,YES,,,,,,
qx_ppmtx_pn_master,STREAMING_TABLE,Silver part number master - validated part catalog with quality checks,order_rcv_notes,177,DECIMAL,YES,,,,,,
qx_ppmtx_pn_master,STREAMING_TABLE,Silver part number master - validated part catalog with quality checks,preventupdatebytraxdoc,178,STRING,YES,,,,,,
qx_ppmtx_pn_master,STREAMING_TABLE,Silver part number master - validated part catalog with quality checks,k1_factor,179,DECIMAL,YES,,,,,,
qx_ppmtx_pn_master,STREAMING_TABLE,Silver part number master - validated part catalog with quality checks,k2_factor,180,DECIMAL,YES,,,,,,
qx_ppmtx_pn_master,STREAMING_TABLE,Silver part number master - validated part catalog with quality checks,k3_factor,181,DECIMAL,YES,,,,,,
qx_ppmtx_pn_master,STREAMING_TABLE,Silver part number master - validated part catalog with quality checks,t_ped,182,STRING,YES,,,,,,
qx_ppmtx_pn_master,STREAMING_TABLE,Silver part number master - validated part catalog with quality checks,traxdoc_row_id_father,183,DECIMAL,YES,,,,,,
qx_ppmtx_pn_master,STREAMING_TABLE,Silver part number master - validated part catalog with quality checks,require_tool_calibration_no,184,STRING,YES,,,,,,
qx_ppmtx_pn_master,STREAMING_TABLE,Silver part number master - validated part catalog with quality checks,day_spec_required,185,STRING,YES,,,,,,
qx_ppmtx_pn_master,STREAMING_TABLE,Silver part number master - validated part catalog with quality checks,cc_reference,186,STRING,YES,,,,,,
qx_ppmtx_pn_master,STREAMING_TABLE,Silver part number master - validated part catalog with quality checks,exchange_order_notes,187,DECIMAL,YES,,,,,,
qx_ppmtx_pn_master,STREAMING_TABLE,Silver part number master - validated part catalog with quality checks,manuf_affidavit,188,STRING,YES,,,,,,
qx_ppmtx_pn_master,STREAMING_TABLE,Silver part number master - validated part catalog with quality checks,fcc_form,189,STRING,YES,,,,,,
qx_ppmtx_pn_master,STREAMING_TABLE,Silver part number master - validated part catalog with quality checks,processed,190,STRING,YES,,,,,,
qx_ppmtx_pn_master,STREAMING_TABLE,Silver part number master - validated part catalog with quality checks,qty_asrs,191,DECIMAL,YES,,,,,,
qx_ppmtx_pn_master,STREAMING_TABLE,Silver part number master - validated part catalog with quality checks,tray_type,192,STRING,YES,,,,,,
qx_ppmtx_pn_master,STREAMING_TABLE,Silver part number master - validated part catalog with quality checks,pn_os_reference,193,STRING,YES,,,,,,
qx_ppmtx_pn_master,STREAMING_TABLE,Silver part number master - validated part catalog with quality checks,etops_note,194,STRING,YES,,,,,,
qx_ppmtx_pn_master,STREAMING_TABLE,Silver part number master - validated part catalog with quality checks,created_from_tri,195,DECIMAL,YES,,,,,,
qx_ppmtx_pn_master,STREAMING_TABLE,Silver part number master - validated part catalog with quality checks,audit_processed,196,STRING,YES,,,,,,
qx_ppmtx_pn_master,STREAMING_TABLE,Silver part number master - validated part catalog with quality checks,non_exchangeable_part,197,STRING,YES,,,,,,
qx_ppmtx_pn_master,STREAMING_TABLE,Silver part number master - validated part catalog with quality checks,dim_control_at_batch_level,198,STRING,YES,,,,,,
qx_ppmtx_pn_master,STREAMING_TABLE,Silver part number master - validated part catalog with quality checks,ps_document_no,199,DECIMAL,YES,,,,,,
qx_ppmtx_pn_master,STREAMING_TABLE,Silver part number master - validated part catalog with quality checks,radial_weight,200,STRING,YES,,,,,,
qx_ppmtx_pn_master,STREAMING_TABLE,Silver part number master - validated part catalog with quality checks,tangential_weight,201,STRING,YES,,,,,,
qx_ppmtx_pn_master,STREAMING_TABLE,Silver part number master - validated part catalog with quality checks,axial_weight,202,STRING,YES,,,,,,
qx_ppmtx_pn_master,STREAMING_TABLE,Silver part number master - validated part catalog with quality checks,issued_monitored,203,STRING,YES,,,,,,
qx_ppmtx_pn_master,STREAMING_TABLE,Silver part number master - validated part catalog with quality checks,issued_monitored_location,204,STRING,YES,,,,,,
qx_ppmtx_pn_master,STREAMING_TABLE,Silver part number master - validated part catalog with quality checks,notes_line,205,DECIMAL,YES,,,,,,
qx_ppmtx_pn_master,STREAMING_TABLE,Silver part number master - validated part catalog with quality checks,adt,206,STRING,YES,,,,,,
qx_ppmtx_pn_master,STREAMING_TABLE,Silver part number master - validated part catalog with quality checks,kwd,207,STRING,YES,,,,,,
qx_ppmtx_pn_master,STREAMING_TABLE,Silver part number master - validated part catalog with quality checks,lbl,208,STRING,YES,,,,,,
qx_ppmtx_pn_master,STREAMING_TABLE,Silver part number master - validated part catalog with quality checks,tqa,209,STRING,YES,,,,,,
qx_ppmtx_pn_master,STREAMING_TABLE,Silver part number master - validated part catalog with quality checks,spcnbr,210,DECIMAL,YES,,,,,,
qx_ppmtx_pn_master,STREAMING_TABLE,Silver part number master - validated part catalog with quality checks,upa,211,STRING,YES,,,,,,
qx_ppmtx_pn_master,STREAMING_TABLE,Silver part number master - validated part catalog with quality checks,created_from_pnrdata,212,STRING,YES,,,,,,
qx_ppmtx_pn_master,STREAMING_TABLE,Silver part number master - validated part catalog with quality checks,processed_timestamp,213,TIMESTAMP,YES,,,,,,
qx_ppmtx_pn_tear_down_report,STREAMING_TABLE,Silver tear down reports - validated component teardown and fault analysis records,order_type,0,STRING,YES,,,,,,
qx_ppmtx_pn_tear_down_report,STREAMING_TABLE,Silver tear down reports - validated component teardown and fault analysis records,order_number,1,DECIMAL,YES,,,,,,
qx_ppmtx_pn_tear_down_report,STREAMING_TABLE,Silver tear down reports - validated component teardown and fault analysis records,order_line,2,DECIMAL,YES,,,,,,
qx_ppmtx_pn_tear_down_report,STREAMING_TABLE,Silver tear down reports - validated component teardown and fault analysis records,fault_confirm,3,STRING,YES,,,,,,
qx_ppmtx_pn_tear_down_report,STREAMING_TABLE,Silver tear down reports - validated component teardown and fault analysis records,status,4,STRING,YES,,,,,,
qx_ppmtx_pn_tear_down_report,STREAMING_TABLE,Silver tear down reports - validated component teardown and fault analysis records,pn,5,STRING,YES,,,,,,
qx_ppmtx_pn_tear_down_report,STREAMING_TABLE,Silver tear down reports - validated component teardown and fault analysis records,sn,6,STRING,YES,,,,,,
qx_ppmtx_pn_tear_down_report,STREAMING_TABLE,Silver tear down reports - validated component teardown and fault analysis records,batch,7,DECIMAL,YES,,,,,,
qx_ppmtx_pn_tear_down_report,STREAMING_TABLE,Silver tear down reports - validated component teardown and fault analysis records,pn_description,8,STRING,YES,,,,,,
qx_ppmtx_pn_tear_down_report,STREAMING_TABLE,Silver tear down reports - validated component teardown and fault analysis records,notes,9,DECIMAL,YES,,,,,,
qx_ppmtx_pn_tear_down_report,STREAMING_TABLE,Silver tear down reports - validated component teardown and fault analysis records,created_by,10,STRING,YES,,,,,,
qx_ppmtx_pn_tear_down_report,STREAMING_TABLE,Silver tear down reports - validated component teardown and fault analysis records,created_date,11,TIMESTAMP,YES,,,,,,
qx_ppmtx_pn_tear_down_report,STREAMING_TABLE,Silver tear down reports - validated component teardown and fault analysis records,modified_by,12,STRING,YES,,,,,,
qx_ppmtx_pn_tear_down_report,STREAMING_TABLE,Silver tear down reports - validated component teardown and fault analysis records,modified_date,13,TIMESTAMP,YES,,,,,,
qx_ppmtx_pn_tear_down_report,STREAMING_TABLE,Silver tear down reports - validated component teardown and fault analysis records,blob_no,14,DECIMAL,YES,,,,,,
qx_ppmtx_pn_tear_down_report,STREAMING_TABLE,Silver tear down reports - validated component teardown and fault analysis records,defect_type,15,STRING,YES,,,,,,
qx_ppmtx_pn_tear_down_report,STREAMING_TABLE,Silver tear down reports - validated component teardown and fault analysis records,defect,16,STRING,YES,,,,,,
qx_ppmtx_pn_tear_down_report,STREAMING_TABLE,Silver tear down reports - validated component teardown and fault analysis records,defect_item,17,DECIMAL,YES,,,,,,
qx_ppmtx_pn_tear_down_report,STREAMING_TABLE,Silver tear down reports - validated component teardown and fault analysis records,work_done,18,STRING,YES,,,,,,
qx_ppmtx_pn_tear_down_report,STREAMING_TABLE,Silver tear down reports - validated component teardown and fault analysis records,shop_finding,19,STRING,YES,,,,,,
qx_ppmtx_pn_tear_down_report,STREAMING_TABLE,Silver tear down reports - validated component teardown and fault analysis records,repair_code,20,STRING,YES,,,,,,
qx_ppmtx_pn_tear_down_report,STREAMING_TABLE,Silver tear down reports - validated component teardown and fault analysis records,remarks,21,STRING,YES,,,,,,
qx_ppmtx_pn_tear_down_report,STREAMING_TABLE,Silver tear down reports - validated component teardown and fault analysis records,document_no,22,DECIMAL,YES,,,,,,
qx_ppmtx_pn_tear_down_report,STREAMING_TABLE,Silver tear down reports - validated component teardown and fault analysis records,confirm_code,23,STRING,YES,,,,,,
qx_ppmtx_pn_tear_down_report,STREAMING_TABLE,Silver tear down reports - validated component teardown and fault analysis records,remove_reason_confirm,24,STRING,YES,,,,,,
qx_ppmtx_pn_tear_down_report,STREAMING_TABLE,Silver tear down reports - validated component teardown and fault analysis records,customer_induced_damage,25,STRING,YES,,,,,,
qx_ppmtx_pn_tear_down_report,STREAMING_TABLE,Silver tear down reports - validated component teardown and fault analysis records,repair_warranty_approval,26,STRING,YES,,,,,,
qx_ppmtx_pn_tear_down_report,STREAMING_TABLE,Silver tear down reports - validated component teardown and fault analysis records,customer_induced_reason,27,STRING,YES,,,,,,
qx_ppmtx_pn_tear_down_report,STREAMING_TABLE,Silver tear down reports - validated component teardown and fault analysis records,warranty_approval_reason,28,STRING,YES,,,,,,
qx_ppmtx_pn_tear_down_report,STREAMING_TABLE,Silver tear down reports - validated component teardown and fault analysis records,tool_calibration_no,29,STRING,YES,,,,,,
qx_ppmtx_pn_tear_down_report,STREAMING_TABLE,Silver tear down reports - validated component teardown and fault analysis records,processed_timestamp,30,TIMESTAMP,YES,,,,,,
